block,bed,bed.row,bed.col,Genotype,pop,mf,rep,death.date,survey.notes
A,A,1,A,TM2_6_11,TM2,6,11,NA,NA
A,A,1,B,LVTR1_7_1,LVTR1,7,1,7/26/23,NA
A,A,2,A,SQ2_6_14,SQ2,6,14,7/26/23,NA
A,A,2,B,YO8_8_3,YO8,8,3,7/26/23,NA
A,A,3,A,CC_2_3,CC,2,3,NA,NA
A,A,3,B,YO11_5_14,YO11,5,14,7/26/23,NA
A,A,4,A,BH_6_3,BH,6,3,7/26/23,NA
A,A,4,B,DPR_4_8,DPR,4,8,7/26/23,NA
A,A,5,A,CP2_5_1,CP2,5,1,NA,10/13: No leaves
A,A,5,B,LVTR1_3_12,LVTR1,3,12,7/26/23,NA
A,A,6,A,CC_5_3,CC,5,3,NA,9/13 Stem broken
A,A,6,B,CC_3_3,CC,3,3,NA,NA
A,A,7,A,WL1_2_8,WL1,2,8,8/9/23,NA
A,A,7,B,IH_5_3,IH,5,3,NA,NA
A,A,8,A,DPR_6_15,DPR,6,15,7/26/23,NA
A,A,8,B,CP3_5_9,CP3,5,9,NA,NA
A,A,9,A,SC_6_3,SC,6,3,8/9/23,NA
A,A,9,B,SQ2_8_9,SQ2,8,9,NA,9/27 broken stem / new leaves sprouting
A,A,10,A,FR_4_2,FR,4,2,7/26/23,NA
A,A,10,B,CP2_3_1,CP2,3,1,7/26/23,NA
A,A,11,A,YO8_2_12,YO8,2,12,7/26/23,NA
A,A,11,B,LV3_7_9,LV3,7,9,7/26/23,NA
A,A,12,A,YO7_5_11,YO7,5,11,7/26/23,NA
A,A,12,B,TM2_7_20,TM2,7,20,8/2/23,NA
A,A,13,A,YO7_7_12,YO7,7,12,8/9/23,NA
A,A,13,B,YO8_1_12,YO8,1,12,7/26/23,NA
A,A,14,A,WV_4_8,WV,4,8,7/26/23,NA
A,A,14,B,CP3_6_9,CP3,6,9,8/2/23,NA
A,A,15,A,DPR_1_8,DPR,1,8,8/9/23,NA
A,A,15,B,YO11_7_9,YO11,7,9,NA,9/20-no leaves meristem green
A,A,16,A,CP2_4_1,CP2,4,1,NA,NA
A,A,16,B,BH_3_3,BH,3,3,NA,NA
A,A,17,A,BH_7_3,BH,7,3,NA,NA
A,A,17,B,YO11_5_9,YO11,5,9,10/13/23,9/27 - leaves dead stem turgid
A,A,18,A,BH_4_3,BH,4,3,NA,NA
A,A,18,B,LVTR1_8_17,LVTR1,8,17,10/13/23,9/20-no leaves stem turgid
A,A,19,A,SQ3_4_7,SQ3,4,7,NA,9/27-heavy herbivory
A,A,19,B,YO11_8_9,YO11,8,9,7/26/23,NA
A,A,20,A,CC_9_3,CC,9,3,NA,NA
A,A,20,B,WL2_8_9,WL2,8,9,NA,9/27- heavy herbivory
A,A,21,A,CP2_6_5,CP2,6,5,NA,9/27 - no leaves stem turgid
A,A,21,B,LVTR1_8_4,LVTR1,8,4,NA,9/20 -no leaves stem turgid
A,A,22,A,LVTR1_2_1,LVTR1,2,1,9/20/23,9/6-no leaves
A,A,22,B,IH_6_3,IH,6,3,NA,NA
A,A,23,A,FR_7_3,FR,7,3,10/13/23,9/20-buds dead / powdery mildew
A,A,23,B,WL1_4_11,WL1,4,11,NA,9/20 -no leaves
A,A,24,A,WL2_7_9,WL2,7,9,NA,NA
A,A,24,B,LV1_6_2,LV1,6,2,8/2/23,NA
A,A,25,A,YO4_1_13,YO4,1,13,NA,9/20 powdery mildew / 9/27 - leaves gone
A,A,25,B,SQ2_1_5,SQ2,1,5,8/2/23,NA
A,A,26,A,YO8_4_6,YO8,4,6,7/26/23,NA
A,A,26,B,CP3_2_9,CP3,2,9,10/20/23,9/27-leaves gone stem turgid
A,A,27,A,BH_5_3,BH,5,3,7/26/23,NA
A,A,27,B,DPR_4_14,DPR,4,14,7/26/23,NA
A,A,28,A,YO7_5_15,YO7,5,15,8/2/23,NA
A,A,28,B,YO11_4_2,YO11,4,2,7/26/23,NA
A,A,29,A,YO8_3_12,YO8,3,12,7/26/23,NA
A,A,29,B,WL2_3_9,WL2,3,9,8/9/23,8/16 pick present / no date
A,A,30,A,TM2_1_2,TM2,1,2,7/26/23,NA
A,A,30,B,DPR_3_8,DPR,3,8,8/2/23,NA
A,A,31,A,WL2_3_10,WL2,3,10,NA,9/27-Many leaves gone
A,A,31,B,YO7_1_10,YO7,1,10,8/2/23,NA
B,A,32,A,LVTR1_2_2,LVTR1,2,2,8/2/23,NA
B,A,32,B,IH_7_4,IH,7,4,NA,NA
B,A,33,A,FR_1_12,FR,1,12,8/30/23,8/23- no leaves stem turgid
B,A,33,B,WL1_7_17,WL1,7,17,8/2/23,NA
B,A,34,A,YO11_1_10,YO11,1,10,8/2/23,NA
B,A,34,B,CP2_5_2,CP2,5,2,8/9/23,NA
B,A,35,A,SC_8_4,SC,8,4,NA,NA
B,A,35,B,BH_4_4,BH,4,4,8/2/23,NA
B,A,36,A,BH_3_4,BH,3,4,NA,NA
B,A,36,B,LVTR1_7_2,LVTR1,7,2,8/2/23,7/26-still alive
B,A,37,A,WR_2_2,WR,2,2,7/26/23,NA
B,A,37,B,WL2_8_10,WL2,8,10,NA,9/20- no leaves stem turgid
B,A,38,A,FR_4_3,FR,4,3,9/20/23,8/30-leaves Crispy . 9/6 alive. no leaves
B,A,38,B,CP3_3_10,CP3,3,10,8/2/23,NA
B,A,39,A,LVTR1_3_8,LVTR1,3,8,8/2/23,NA
B,A,39,B,WL2_7_10,WL2,7,10,NA,NA
B,A,40,A,DPR_4_9,DPR,4,9,NA,NA
B,A,40,B,BH_5_4,BH,5,4,NA,NA
B,A,42,A,IH_3_4,IH,3,4,NA,NA
B,A,42,B,CP2_3_2,CP2,3,2,NA,9/27-leaves gone Stem turgid
B,A,43,A,TM2_6_1,TM2,6,1,NA,10/13: aphids
B,A,43,B,WL1_3_6,WL1,3,6,NA,9/20 -powdery mildew
B,A,44,A,DPR_1_9,DPR,1,9,7/26/23,NA
B,A,44,B,LV1_2_3,LV1,2,3,8/2/23,NA
B,A,45,A,CP3_5_10,CP3,5,10,8/16/23,NA
B,A,45,B,IH_2_4,IH,2,4,NA,NA
B,A,46,A,CP3_4_10,CP3,4,10,NA,NA
B,A,46,B,TM2_3_11,TM2,3,11,NA,NA
B,A,47,A,SQ3_5_4,SQ3,5,4,10/13/23,8/30-no leaves
B,A,47,B,YO11_6_14,YO11,6,14,7/26/23,NA
B,A,48,A,CC_2_4,CC,2,4,8/9/23,NA
B,A,48,B,YO8_2_13,YO8,2,13,8/9/23,NA
B,A,49,A,YO7_7_23,YO7,7,23,NA,tag fading
B,A,49,B,DPR_8_19,DPR,8,19,9/13/23,NA
B,A,50,A,SQ3_3_2,SQ3,3,2,NA,8/9 -not dead no leaves. 8/30- - heavy herbiv no leaves
B,A,50,B,LV1_6_3,LV1,6,3,7/26/23,NA
B,A,51,A,LV1_5_3,LV1,5,3,9/6/23,8/23-no leaves stem turgid
B,A,51,B,CP2_7_9,CP2,7,9,10/13/23,8/30-heavy herbivory no leaves/10/13: buried
B,A,52,A,LV3_6_9,LV3,6,9,9/27/23,9/20 - leaves dead stem turgid
B,A,52,B,WL1_7_6,WL1,7,6,NA,9/6-heavy herbivory no leaves
B,A,53,A,CC_4_4,CC,4,4,NA,NA
B,A,53,B,BH_7_4,BH,7,4,NA,NA
B,A,54,A,YO8_6_4,YO8,6,4,8/9/23,NA
B,A,54,B,FR_7_4,FR,7,4,8/9/23,NA
B,A,55,A,SQ2_6_24,SQ2,6,24,7/26/23,NA
B,A,55,B,LV1_8_3,LV1,8,3,8/2/23,NA
B,A,56,A,SQ2_8_10,SQ2,8,10,NA,NA
B,A,56,B,TM2_2_12,TM2,2,12,NA,NA
B,A,57,A,YO11_7_10,YO11,7,10,7/26/23,NA
B,A,57,B,YO11_6_10,YO11,6,10,7/26/23,NA
B,A,58,A,YO8_1_13,YO8,1,13,10/27/23,10/13: no leaves
B,A,58,B,LVTR1_6_2,LVTR1,6,2,7/26/23,NA
B,A,59,A,WL2_5_10,WL2,5,10,NA,10/13: heavy herbivory
A,A,1,C,SC_5_15,SC,5,15,7/26/23,NA
A,A,1,D,DPR_6_2,DPR,6,2,7/26/23,NA
A,A,2,C,CP2_2_1,CP2,2,1,7/26/23,NA
A,A,2,D,WL2_1_9,WL2,1,9,7/26/23,NA
A,A,3,C,CP3_4_9,CP3,4,9,8/9/23,NA
A,A,3,D,LV1_5_2,LV1,5,2,7/26/23,NA
A,A,4,C,IH_4_3,IH,4,3,7/26/23,NA
A,A,4,D,SQ2_6_9,SQ2,6,9,7/26/23,NA
A,A,5,C,LV3_5_12,LV3,5,12,7/26/23,NA
A,A,5,D,TM2_2_2,TM2,2,2,7/26/23,NA
A,A,6,C,YO8_6_3,YO8,6,3,7/26/23,NA
A,A,6,D,WL2_6_9,WL2,6,9,7/26/23,NA
A,A,7,C,WL2_5_9,WL2,5,9,7/26/23,NA
A,A,7,D,BH_1_3,BH,1,3,7/26/23,NA
A,A,8,C,LV1_4_2,LV1,4,2,7/26/23,NA
A,A,8,D,TM2_7_8,TM2,7,8,7/26/23,NA
A,A,9,C,CC_4_3,CC,4,3,8/2/23,NA
A,A,9,D,SQ3_6_6,SQ3,6,6,7/26/23,NA
A,A,10,C,LVTR1_5_4,LVTR1,5,4,7/26/23,NA
A,A,10,D,CP3_1_8,CP3,1,8,7/26/23,NA
A,A,11,C,IH_2_3,IH,2,3,7/26/23,NA
A,A,11,D,WR_2_7,WR,2,7,7/26/23,NA
A,A,12,C,LV1_3_2,LV1,3,2,8/23/23,8/16-yellow droopy
A,A,12,D,YO7_2_2,YO7,2,2,7/26/23,NA
A,A,13,C,YO11_6_9,YO11,6,9,8/2/23,NA
A,A,13,D,SQ1_6_10,SQ1,6,10,7/26/23,NA
A,A,14,C,IH_7_3,IH,7,3,8/23/23,8/16- yellow droopy
A,A,14,D,CC_8_3,CC,8,3,NA,NA
A,A,15,C,CC_1_3,CC,1,3,NA,NA
A,A,15,D,WL2_2_9,WL2,2,9,7/26/23,NA
A,A,16,C,YO4_2_4,YO4,2,4,8/30/23,NA
A,A,16,D,SC_2_3,SC,2,3,7/26/23,NA
A,A,17,C,LV1_2_2,LV1,2,2,7/26/23,NA
A,A,17,D,BH_2_3,BH,2,3,NA,NA
A,A,18,C,CP2_1_1,CP2,1,1,8/2/23,NA
A,A,18,D,YO7_4_2,YO7,4,2,7/11/23,no plant
A,A,19,C,CP3_3_9,CP3,3,9,NA,9/20 - powdery mildew 9/27 - leaves dead
A,A,19,D,SQ3_2_13,SQ3,2,13,8/23/23,8/16 resprouting
A,A,20,C,YO11_1_9,YO11,1,9,NA,8/30-stem turgid no leaves
A,A,20,D,LV1_8_2,LV1,8,2,7/26/23,NA
A,A,21,C,SQ1_2_5,SQ1,2,5,8/2/23,NA
A,A,21,D,IH_3_3,IH,3,3,NA,NA
A,A,22,C,LVTR1_6_1,LVTR1,6,1,7/26/23,NA
A,A,22,D,SC_8_3,SC,8,3,NA,NA
A,A,23,C,LV1_1_2,LV1,1,2,8/2/23,NA
A,A,23,D,TM2_3_3,TM2,3,3,NA,NA
A,A,24,C,SC_5_3,SC,5,3,8/9/23,NA
A,A,24,D,DPR_8_12,DPR,8,12,8/23/23,8/16-yellow droopy
A,A,25,C,SC_2_25,SC,2,25,8/2/23,NA
A,A,25,D,CP3_7_10,CP3,7,10,7/26/23,NA
A,A,26,C,WL1_7_5,WL1,7,5,8/9/23,NA
A,A,26,D,YO7_6_12,YO7,6,12,8/9/23,NA
A,A,27,C,YO7_7_18,YO7,7,18,7/26/23,NA
A,A,27,D,YO4_5_1,YO4,5,1,NA,9/27- leaves gone stem turgid
A,A,28,C,SC_4_3,SC,4,3,7/26/23,NA
A,A,28,D,TM2_5_4,TM2,5,4,7/26/23,NA
A,A,29,C,CP2_7_8,CP2,7,8,7/26/23,NA
A,A,29,D,YO8_5_3,YO8,5,3,7/26/23,NA
A,A,30,C,FR_2_2,FR,2,2,7/26/23,NA
A,A,31,C,YO7_6_17,YO7,6,17,7/26/23,NA
A,A,31,D,IH_1_3,IH,1,3,7/26/23,NA
B,A,32,C,SC_5_4,SC,5,4,8/2/23,NA
B,A,32,D,YO8_5_4,YO8,5,4,7/26/23,NA
B,A,33,C,SQ1_14_10,SQ1,14,10,7/26/23,NA
B,A,33,D,CP3_2_4,CP3,2,4,NA,9/20- powdery mildew 9/27-leaves gone
B,A,34,C,DPR_1_14,DPR,1,14,8/23/23,8/16-yellow droopy
B,A,34,D,SQ2_6_10,SQ2,6,10,7/26/23,NA
B,A,35,C,CP2_4_2,CP2,4,2,8/2/23,NA
B,A,35,D,CP3_7_13,CP3,7,13,7/26/23,NA
B,A,36,C,SC_2_4,SC,2,4,NA,NA
B,A,36,D,LV1_3_3,LV1,3,3,7/26/23,NA
B,A,37,C,WL1_9_3,WL1,9,3,8/2/23,NA
B,A,37,D,BH_1_4,BH,1,4,NA,NA
B,A,38,C,CP3_6_10,CP3,6,10,8/9/23,NA
B,A,38,D,LVTR1_5_6,LVTR1,5,6,7/26/23,NA
B,A,39,C,WL2_1_10,WL2,1,10,8/2/23,NA
B,A,39,D,LV1_4_3,LV1,4,3,7/26/23,NA
B,A,40,C,YO7_6_13,YO7,6,13,8/2/23,NA
B,A,40,D,WL2_2_10,WL2,2,10,NA,NA
B,A,41,C,TM2_7_9,TM2,7,9,8/2/23,NA
B,A,41,D,LV3_5_13,LV3,5,13,7/26/23,8/2-pick present not marked
B,A,43,C,CP2_2_2,CP2,2,2,7/26/23,NA
B,A,43,D,FR_5_10,FR,5,10,10/20/23,9/20 - no leaves Stem turgid
B,A,44,C,TM2_6_3,TM2,6,3,NA,NA
B,A,44,D,BH_6_4,BH,6,4,NA,NA
B,A,45,C,YO4_2_5,YO4,2,5,7/26/23,NA
B,A,45,D,SC_4_4,SC,4,4,NA,NA
B,A,46,C,CP3_1_9,CP3,1,9,8/2/23,NA
B,A,46,D,SQ1_5_10,SQ1,5,10,NA,NA
B,A,47,C,LVTR1_8_24,LVTR1,8,24,9/13/23,8/30-stem turgid no leaves
B,A,47,D,CC_1_4,CC,1,4,8/2/23,NA
B,A,48,C,CP2_3_14,CP2,3,14,10/13/23,9/30-stem turgid no leaves
B,A,48,D,CC_8_4,CC,8,4,NA,NA
B,A,49,C,CC_9_4,CC,9,4,NA,NA
B,A,49,D,CP2_1_2,CP2,1,2,9/20/23,8/30 - stem turgid no leaves
B,A,50,C,SQ2_4_13,SQ2,4,13,8/2/23,NA
B,A,50,D,IH_6_4,IH,6,4,NA,NA
B,A,51,C,SQ2_1_8,SQ2,1,8,8/2/23,NA
B,A,51,D,SC_6_4,SC,6,4,7/26/23,NA
B,A,52,C,YO11_8_10,YO11,8,10,9/27/23,9/20- top leaves dead. New leaves spouting at base
B,A,52,D,YO8_4_5,YO8,4,5,9/20/23,8/30-stem turgid no leaves
B,A,53,C,YO4_6_11,YO4,6,11,10/20/23,9/13 stem turgid no leaves
B,A,53,D,WR_2_23,WR,2,23,7/26/23,NA
B,A,54,C,LV1_1_3,LV1,1,3,8/9/23,NA
B,A,54,D,YO11_5_10,YO11,5,10,8/30/23,NA
B,A,55,C,YO7_5_12,YO7,5,12,7/26/23,NA
B,A,55,D,YO4_3_7,YO4,3,7,8/9/23,NA
B,A,56,C,IH_1_4,IH,1,4,NA,NA
B,A,56,D,CC_3_4,CC,3,4,NA,NA
B,A,57,C,CC_5_4,CC,5,4,NA,NA
B,A,57,D,YO11_4_13,YO11,4,13,10/27/23,NA
B,A,58,C,LVTR1_8_5,LVTR1,8,5,8/9/23,NA
B,A,58,D,YO7_7_13,YO7,7,13,NA,NA
D,B,4,A,CP3_6_12,CP3,6,12,7/26/23,NA
D,B,4,B,BH_5_6,BH,5,6,7/26/23,NA
D,B,5,A,DPR_6_5,DPR,6,5,7/26/23,NA
D,B,5,B,SC_2_6,SC,2,6,7/26/23,NA
D,B,6,A,SQ2_8_12,SQ2,8,12,7/26/23,NA
D,B,6,B,WL2_6_12,WL2,6,12,7/26/23,NA
D,B,7,A,LV3_5_2,LV3,5,2,7/26/23,NA
D,B,7,B,FR_6_11,FR,6,11,7/26/23,NA
D,B,8,A,YO7_7_2,YO7,7,2,7/26/23,NA
D,B,8,B,TM2_2_8,TM2,2,8,7/26/23,NA
D,B,9,A,SC_4_6,SC,4,6,7/26/23,NA
D,B,9,B,YO8_2_2,YO8,2,2,7/26/23,NA
D,B,10,A,CP2_4_4,CP2,4,4,7/26/23,NA
D,B,10,B,YO8_8_6,YO8,8,6,7/26/23,NA
D,B,11,A,SC_8_14,SC,8,14,8/2/23,NA
D,B,11,B,TM2_1_5,TM2,1,5,7/26/23,NA
D,B,12,A,SC_2_17,SC,2,17,7/26/23,NA
D,B,12,B,YO11_8_12,YO11,8,12,7/26/23,NA
D,B,13,A,YO11_7_12,YO11,7,12,7/26/23,NA
D,B,13,B,SQ1_6_8,SQ1,6,8,7/26/23,NA
D,B,14,A,WL2_5_12,WL2,5,12,8/2/23,NA
D,B,14,B,YO11_6_12,YO11,6,12,7/26/23,NA
D,B,15,A,YO7_7_20,YO7,7,20,7/26/23,NA
D,B,15,B,YO11_1_12,YO11,1,12,7/26/23,NA
D,B,16,A,DPR_3_11,DPR,3,11,7/26/23,NA
D,B,16,B,LV1_8_5,LV1,8,5,8/2/23,NA
D,B,17,A,IH_3_6,IH,3,6,NA,NA
D,B,17,B,YO7_4_9,YO7,4,9,7/26/23,NA
D,B,18,A,LVTR1_2_4,LVTR1,2,4,7/26/23,NA
D,B,18,B,LV1_2_5,LV1,2,5,7/26/23,NA
D,B,19,A,LVTR1_6_4,LVTR1,6,4,7/26/23,NA
D,B,19,B,FR_7_6,FR,7,6,7/26/23,NA
D,B,20,A,WL2_7_12,WL2,7,12,7/26/23,NA
D,B,20,B,WL2_8_12,WL2,8,12,7/26/23,NA
D,B,21,A,WL2_1_12,WL2,1,12,7/26/23,NA
D,B,21,B,LV1_5_5,LV1,5,5,7/26/23,NA
C,B,22,A,IH_3_5,IH,3,5,NA,NA
C,B,22,B,IH_4_5,IH,4,5,7/26/23,NA
C,B,23,A,CC_9_5,CC,9,5,7/26/23,NA
C,B,23,B,YO11_3_5,YO11,3,5,7/26/23,NA
C,B,24,A,CP3_4_14,CP3,4,14,7/26/23,NA
C,B,24,B,WL1_4_1,WL1,4,1,10/20/23,9/27 - leaves dead Stem turgid
C,B,25,A,IH_6_5,IH,6,5,NA,NA
C,B,25,B,CP3_5_11,CP3,5,11,7/26/23,NA
C,B,26,A,YO8_8_5,YO8,8,5,8/2/23,NA
C,B,26,B,TM2_5_9,TM2,5,9,8/2/23,NA
C,B,27,A,SQ3_1_9,SQ3,1,9,7/26/23,NA
C,B,27,B,SQ2_8_11,SQ2,8,11,8/9/23,NA
C,B,28,A,CC_5_5,CC,5,5,7/26/23,NA
C,B,28,B,TM2_2_1,TM2,2,1,7/26/23,NA
C,B,29,A,CP2_7_10,CP2,7,10,8/9/23,NA
C,B,29,B,WL2_6_11,WL2,6,11,10/20/23,9/27-heavy herbivory
C,B,30,A,DPR_1_10,DPR,1,10,8/9/23,NA
C,B,30,B,SC_2_5,SC,2,5,8/2/23,NA
C,B,31,A,FR_2_9,FR,2,9,7/26/23,NA
C,B,31,B,SC_8_5,SC,8,5,8/9/23,NA
C,B,32,A,IH_4_5,IH,4,5,NA,no plant or tag
C,B,32,B,SQ3_6_5,SQ3,6,5,10/27/23,9/27- leaves dead stem turgid
C,B,33,A,WL2_5_11,WL2,5,11,NA,9/13 no leaves
C,B,33,B,BH_6_5,BH,6,5,8/2/23,NA
C,B,34,A,CP2_5_3,CP2,5,3,10/20/23,9/13-heavy herbivory no leaves
C,B,34,B,YO11_7_11,YO11,7,11,7/26/23,NA
C,B,35,B,WL1_7_7,WL1,7,7,NA,8/16 fungus
C,B,36,A,TM2_3_9,TM2,3,9,7/26/23,NA
C,B,36,B,CP2_3_3,CP2,3,3,NA,9/13-heavy herbivory 9/20-no leaves
C,B,37,A,TM2_1_16,TM2,1,16,NA,9/20- powdery mildew
C,B,37,B,YO8_6_14,YO8,6,14,NA,8/30 - heavy herbivory 8/16 - fungus 9/20- no leaves
C,B,38,A,FR_4_4,FR,4,4,7/26/23,NA
C,B,38,B,SQ1_14_2,SQ1,14,2,NA,8/16 fungus
C,B,39,A,CC_8_5,CC,8,5,8/2/23,8/16-stem turgid no leaves
C,B,39,B,CP3_6_11,CP3,6,11,7/26/23,NA
C,B,40,A,WL2_2_11,WL2,2,11,NA,9/13 -heavy herbivory
C,B,40,B,LV1_8_4,LV1,8,4,8/2/23,NA
C,B,41,A,SC_4_5,SC,4,5,NA,NA
C,B,41,B,CP3_2_12,CP3,2,12,9/20/23,9/13-heavy herbivory no leaves
C,B,42,A,BH_2_5,BH,2,5,NA,NA
C,B,42,B,LV3_5_1,LV3,5,1,8/9/23,NA
C,B,43,A,BH_5_5,BH,5,5,NA,NA
C,B,43,B,LVTR1_2_3,LVTR1,2,3,9/20/23,8/30-stem turgid no leaves
C,B,44,A,WL2_7_11,WL2,7,11,NA,9/27-powdery mildew no leaves 9/13-heavy herbivory
C,B,44,B,LV1_2_4,LV1,2,4,8/2/23,NA
C,B,45,A,YO8_6_5,YO8,6,5,7/26/23,NA
C,B,45,B,YO11_8_17,YO11,8,17,7/26/23,NA
C,B,46,A,WL1_4_10,WL1,4,10,10/20/23,9/13-heavy herbivory 9/27-no leaves
C,B,46,B,DPR_7_6,DPR,7,6,NA,9/27 -heavy herbivory
C,B,47,A,SC_2_16,SC,2,16,NA,NA
C,B,47,B,LV1_5_4,LV1,5,4,8/30/23,NA
C,B,48,A,YO4_2_15,YO4,2,15,8/2/23,NA
C,B,48,B,LV1_6_4,LV1,6,4,7/26/23,NA
C,B,49,A,FR_7_5,FR,7,5,10/20/23,9/13-heavy herbivory 9/27- no leaves
C,B,49,B,WR_1_2,WR,1,2,7/26/23,NA
C,B,50,A,SC_5_5,SC,5,5,NA,NA
C,B,50,B,CC_1_5,CC,1,5,NA,NA
C,B,51,A,YO11_8_11,YO11,8,11,8/2/23,NA
C,B,51,B,CC_2_5,CC,2,5,8/9/23,NA
C,B,52,A,DPR_8_1,DPR,8,1,NA,NA
C,B,52,B,YO11_1_11,YO11,1,11,7/26/23,NA
B,B,56,A,SC_6_15,SC,6,15,NA,NA
B,B,57,A,IH_4_4,IH,4,4,NA,NA
B,B,57,B,DPR_8_13,DPR,8,13,8/2/23,NA
B,B,58,A,Y08_8_4,Y08,8,4,7/26/23,NA
B,B,58,B,DPR_6_3,DPR,6,3,7/26/23,NA
B,B,59,A,YO8_3_13,YO8,3,13,9/20/23,9/13-stem turgid no leaves
B,B,59,B,DPR_3_9,DPR,3,9,7/26/23,NA
D,B,4,C,TM2_7_16,TM2,7,16,7/26/23,NA
D,B,4,D,SQ3_3_6,SQ3,3,6,7/26/23,NA
D,B,5,C,BH_2_6,BH,2,6,7/26/23,NA
D,B,5,D,LV3_2_3,LV3,2,3,7/26/23,NA
D,B,6,C,BH_1_6,BH,1,6,7/26/23,NA
D,B,6,D,WL1_2_3,WL1,2,3,7/26/23,NA
D,B,7,C,CP2_2_4,CP2,2,4,7/26/23,NA
D,B,7,D,BH_4_6,BH,4,6,7/26/23,NA
D,B,8,C,YO8_1_2,YO8,1,2,7/26/23,NA
D,B,8,D,DPR_8_2,DPR,8,2,8/2/23,NA
D,B,9,C,FR_4_5,FR,4,5,7/26/23,NA
D,B,9,D,IH_5_6,IH,5,6,7/26/23,NA
D,B,10,C,CP2_3_4,CP2,3,4,8/2/23,NA
D,B,10,D,FR_1_2,FR,1,2,7/26/23,NA
D,B,11,C,SQ1_3_1,SQ1,3,1,7/26/23,NA
D,B,11,D,YO8_2_14,YO8,2,14,7/26/23,NA
D,B,12,C,WL2_3_12,WL2,3,12,NA,alive 10/13/23. marked dead 7/26 then 8/23-resprouted 9/20- marked dead again
D,B,12,D,TM2_5_1,TM2,5,1,7/26/23,NA
D,B,13,C,LV1_4_5,LV1,4,5,7/26/23,NA
D,B,13,D,LVTR1_5_8,LVTR1,5,8,7/26/23,NA
D,B,14,C,SQ2_4_10,SQ2,4,10,7/26/23,NA
D,B,14,D,CP3_2_10,CP3,2,10,8/2/23,NA
D,B,15,C,LV1_6_5,LV1,6,5,7/26/23,NA
D,B,15,D,SQ2_6_12,SQ2,6,12,7/26/23,NA
D,B,16,C,CP2_1_14,CP2,1,14,7/26/23,NA
D,B,16,D,YO8_5_6,YO8,5,6,7/26/23,NA
D,B,17,C,SQ3_5_1,SQ3,5,1,7/26/23,NA
D,B,17,D,YO7_1_1,YO7,1,1,7/26/23,NA
D,B,18,C,CC_5_6,CC,5,6,7/26/23,NA
D,B,18,D,CP3_4_12,CP3,4,12,9/20/23,9/13-wilting
D,B,19,C,YO4_2_7,YO4,2,7,7/26/23,NA
D,B,19,D,CC_2_6,CC,2,6,NA,NA
D,B,20,C,IH_7_6,IH,7,6,NA,NA
D,B,20,D,BH_6_6,BH,6,6,NA,9/27-stem Partially broken -leaves alive
D,B,21,C,CC_8_6,CC,8,6,8/23/23,8/16-yellow. floppy
D,B,21,D,CP2_1_4,CP2,1,4,10/20/23,9/20 - no leaves 9/13-heavy herbivory
C,B,23,C,CP2_4_3,CP2,4,3,7/26/23,NA
C,B,24,C,YO8_2_1,YO8,2,1,7/26/23,NA
C,B,24,D,LV1_1_4,LV1,1,4,7/26/23,NA
C,B,25,C,LVTR1_8_2,LVTR1,8,2,7/26/23,NA
C,B,25,D,LVTR1_7_16,LVTR1,7,16,7/26/23,NA
C,B,26,C,IH_5_5,IH,5,5,NA,10/20 Aphids
C,B,26,D,DPR_3_10,DPR,3,10,7/26/23,NA
C,B,27,C,DPR_4_10,DPR,4,10,8/2/23,NA
C,B,27,D,DPR_6_16,DPR,6,16,8/2/23,NA
C,B,28,C,BH_4_5,BH,4,5,NA,10/20 Aphids
C,B,28,D,SQ1_2_2,SQ1,2,2,8/2/23,NA
C,B,29,C,WL2_8_11,WL2,8,11,8/2/23,NA
C,B,29,D,LV3_7_5,LV3,7,5,8/2/23,NA
C,B,30,C,CC_4_5,CC,4,5,7/26/23,NA
C,B,30,D,SQ2_1_4,SQ2,1,4,8/2/23,NA
C,B,31,C,CP2_6_11,CP2,6,11,7/26/23,NA
C,B,31,D,CP3_4_11,CP3,4,11,NA,9/13 heavy herbirory 9/27-new leaves sprouting
C,B,32,C,SQ2_6_19,SQ2,6,19,7/26/23,NA
C,B,32,D,YO11_5_11,YO11,5,11,9/20/23,9/6 no leaves stem turgid
C,B,33,C,YO7_6_1,YO7,6,1,7/26/23,NA
C,B,33,D,YO4_1_1,YO4,1,1,10/27/23,9/13 -no leaves stem turgid
C,B,34,C,YO8_5_5,YO8,5,5,8/2/23,NA
C,B,34,D,SC_5_16,SC,5,16,8/2/23,NA
C,B,35,C,CP2_1_3,CP2,1,3,8/2/23,NA
C,B,35,D,DPR_6_4,DPR,6,4,8/2/23,NA
C,B,36,C,YO8_1_1,YO8,1,1,7/26/23,NA
C,B,36,D,TM2_1_4,TM2,1,4,NA,9/20 - fruits dead still budding
C,B,37,C,LVTR1_4_1,LVTR1,4,1,7/26/23,NA
C,B,37,D,WL2_3_11,WL2,3,11,8/2/23,NA
C,B,38,C,LVTR1_7_3,LVTR1,7,3,7/26/23,NA
C,B,38,D,LVTR1_8_6,LVTR1,8,6,8/2/23,NA
C,B,39,C,CP2_2_3,CP2,2,3,8/2/23,NA
C,B,39,D,YO4_2_6,YO4,2,6,7/26/23,NA
C,B,40,C,CC_3_5,CC,3,5,8/30/23,NA
C,B,40,D,BH_3_5,BH,3,5,7/26/23,NA
C,B,41,C,YO7_7_1,YO7,7,1,NA,NA
C,B,41,D,IH_2_5,IH,2,5,8/2/23,NA
C,B,42,C,LV1_3_4,LV1,3,4,8/2/23,NA
C,B,42,D,YO8_3_1,YO8,3,1,10/20/23,9/13 no leaves stem turgid
C,B,43,C,YO11_6_11,YO11,6,11,9/13/23,8/30 - stem turgid. no leaves
C,B,43,D,TM2_7_10,TM2,7,10,NA,NA
C,B,44,C,SQ3_4_11,SQ3,4,11,8/2/23,NA
C,B,44,D,IH_7_5,IH,7,5,7/26/23,NA
C,B,45,C,WL2_1_11,WL2,1,11,NA,NA
C,B,45,D,CP3_1_10,CP3,1,10,7/26/23,NA
C,B,46,C,SC_6_5,SC,6,5,NA,NA
C,B,46,D,BH_1_5,BH,1,5,8/9/23,NA
C,B,47,C,YO7_4_6,YO7,4,6,NA,NA
C,B,47,D,BH_7_5,BH,7,5,NA,NA
C,B,48,C,LVTR1_5_13,LVTR1,5,13,8/2/23,NA
C,B,48,D,IH_1_5,IH,1,5,NA,NA
C,B,49,C,YO7_5_17,YO7,5,17,NA,NA
C,B,49,D,YO7_7_19,YO7,7,19,7/26/23,NA
C,B,50,C,SQ2_6_11,SQ2,6,11,7/26/23,NA
C,B,50,D,YO7_1_8,YO7,1,8,8/2/23,NA
C,B,51,C,CP3_3_11,CP3,3,11,8/2/23,NA
C,B,51,D,LV1_4_4,LV1,4,4,7/26/23,NA
C,B,52,C,YO4_4_9,YO4,4,9,7/26/23,NA
C,B,52,D,SQ2_13_13,SQ2,13,13,7/26/23,NA
B,B,56,C,TM2_1_3,TM2,1,3,NA,NA
B,B,56,D,SQ1_2_1,SQ1,2,1,NA,9/13 heavy herbivory
B,B,57,C,LVTR1_8_19,LVTR1,8,19,8/2/23,NA
B,B,57,D,BH_2_4,BH,2,4,NA,NA
B,B,58,C,YO7_3_4,YO7,3,4,7/26/23,NA
B,B,58,D,WL2_6_10,WL2,6,10,8/9/23,NA
B,B,59,C,IH_5_4,IH,5,4,7/26/23,NA
B,B,59,D,SC_2_21,SC,2,21,7/26/23,NA
D,C,2,B,CP3_5_12,CP3,5,12,7/26/23,NA
D,C,3,A,SQ3_6_7,SQ3,6,7,8/2/23,NA
D,C,3,B,DPR_6_14,DPR,6,14,7/26/23,NA
D,C,4,A,YO7_6_2,YO7,6,2,7/26/23,NA
D,C,4,B,IH_2_6,IH,2,6,8/30/23,8/23-leaves yellow. droopy
D,C,5,A,TM2_5_3,TM2,5,3,7/26/23,NA
D,C,5,B,LV1_3_5,LV1,3,5,7/26/23,NA
D,C,6,A,CC_1_6,CC,1,6,NA,NA
D,C,6,B,YO4_1_3,YO4,1,3,7/26/23,NA
D,C,7,A,LVTR1_8_7,LVTR1,8,7,7/26/23,NA
D,C,7,B,LV1_1_5,LV1,1,5,7/26/23,NA
D,C,8,A,IH_4_6,IH,4,6,7/26/23,NA
D,C,8,B,LVTR1_3_1,LVTR1,3,1,7/26/23,NA
D,C,9,B,WL2_2_12,WL2,2,12,7/26/23,NA
D,C,10,A,WR_2_10,WR,2,10,7/26/23,NA
D,C,10,B,IH_1_6,IH,1,6,7/26/23,NA
D,C,11,A,LVTR1_8_14,LVTR1,8,14,7/26/23,NA
D,C,11,B,CC_4_6,CC,4,6,7/26/23,NA
D,C,12,A,CP3_1_11,CP3,1,11,7/26/23,NA
D,C,12,B,CP3_3_12,CP3,3,12,7/26/23,NA
D,C,13,A,YO7_5_1,YO7,5,1,7/26/23,NA
D,C,13,B,SC_8_6,SC,8,6,NA,NA
D,C,14,A,TM2_7_11,TM2,7,11,7/26/23,NA
D,C,14,B,SQ2_6_16,SQ2,6,16,7/26/23,NA
D,C,15,A,IH_6_6,IH,6,6,7/26/23,NA
D,C,16,A,YO7_4_4,YO7,4,4,7/26/23,NA
D,C,16,B,CP2_2_5,CP2,2,5,8/2/23,NA
E,C,19,A,IH_7_7,IH,7,7,NA,NA
E,C,19,B,LV3_5_3,LV3,5,3,8/2/23,NA
E,C,20,A,CP3_5_13,CP3,5,13,8/2/23,NA
E,C,20,B,YO11_5_13,YO11,5,13,7/26/23,NA
E,C,21,A,YO8_3_3,YO8,3,3,7/26/23,NA
E,C,21,B,CP2_1_5,CP2,1,5,10/13/23,9/13 turgid no leaves
E,C,22,A,CP3_3_13,CP3,3,13,7/26/23,NA
E,C,22,B,BH_6_7,BH,6,7,NA,NA
E,C,23,A,BH_3_7,BH,3,7,NA,NA
E,C,23,B,YO8_1_3,YO8,1,3,7/26/23,NA
E,C,24,A,TM2_7_14,TM2,7,14,7/26/23,NA
E,C,24,B,WL2_1_13,WL2,1,13,NA,9/20-heavy herbivory 9/27 no leaves
E,C,25,A,CP3_1_15,CP3,1,15,7/26/23,NA
E,C,25,B,CC_4_7,CC,4,7,NA,NA
E,C,26,A,BH_5_7,BH,5,7,NA,NA
E,C,26,B,CP3_2_6,CP3,2,6,7/26/23,NA
E,C,27,A,LVTR1_2_5,LVTR1,2,5,7/26/23,NA
E,C,27,B,BH_2_7,BH,2,7,8/2/23,NA
E,C,28,A,YO7_7_14,YO7,7,14,NA,9/13 - stem turgid no leaves
E,C,28,B,IH_1_7,IH,1,7,NA,NA
E,C,29,A,DPR_6_21,DPR,6,21,NA,NA
E,C,29,B,LVTR1_7_5,LVTR1,7,5,10/20/23,9/6-no leaves
E,C,30,A,WL2_2_13,WL2,2,13,10/20/23,9/27 resprouting 9/6-no leaves 8/30-heavy herbivory
E,C,30,B,LV1_6_6,LV1,6,6,9/27/23,9/6-no leaves 8/30 - heavy herbivory
E,C,31,A,CP3_1_12,CP3,1,12,9/27/23,8/30 heavy herbivory 9/6 resprouting
E,C,31,B,WL1_3_4,WL1,3,4,9/27/23,9/6-no leaves
E,C,32,A,LVTR1_5_2,LVTR1,5,2,7/26/23,NA
E,C,32,B,SC_2_7,SC,2,7,8/9/23,8/16-pick present no date
E,C,33,B,LV1_4_6,LV1,4,6,10/13/23,8/23-no leaves. stem turgid
E,C,34,A,SQ2_4_9,SQ2,4,9,9/20/23,9/6-no leaves
E,C,34,B,YO8_6_7,YO8,6,7,9/13/23,NA
E,C,35,A,LVTR1_6_15,LVTR1,6,15,7/26/23,NA
E,C,35,B,SC_5_7,SC,5,7,NA,NA
E,C,36,A,SQ1_14_7,SQ1,14,7,10/13/23,9/27-no leaves 8/30-heavy herbivory
E,C,36,B,SC_2_19,SC,2,19,NA,NA
E,C,37,A,FR_5_2,FR,5,2,7/26/23,NA
E,C,37,B,YO4_3_9,YO4,3,9,9/27/23,9/20 - no leaves Stem turgid
E,C,38,A,IH_3_7,IH,3,7,NA,NA
E,C,38,B,SQ2_6_13,SQ2,6,13,10/13/23,9/20 no leaves stem turgid
E,C,39,A,CP3_4_13,CP3,4,13,7/26/23,NA
E,C,39,B,SQ2_8_13,SQ2,8,13,8/9/23,NA
E,C,40,A,CC_5_7,CC,5,7,NA,NA
E,C,40,B,BH_1_7,BH,1,7,NA,NA
E,C,41,A,CP2_7_12,CP2,7,12,8/9/23,NA
E,C,41,B,DPR_1_12,DPR,1,12,7/26/23,NA
E,C,42,A,SQ2_6_17,SQ2,6,17,9/27/23,9/13-stem turgid no leaves
E,C,42,B,SQ3_2_3,SQ3,2,3,7/26/23,NA
E,C,43,A,WL2_3_13,WL2,3,13,NA,9/20-top leaves dead resprout at bottom
E,C,43,B,YO11_4_12,YO11,4,12,7/26/23,NA
E,C,44,A,WL2_5_13,WL2,5,13,8/2/23,NA
E,C,44,B,DPR_3_12,DPR,3,12,7/26/23,NA
E,C,45,A,BH_7_7,BH,7,7,NA,NA
E,C,45,B,CC_9_7,CC,9,7,8/23/23,8/16-stem turgid leaves yellow. marked dead 8/9/23
E,C,46,A,LV1_1_6,LV1,1,6,8/30/23,8/16-leaves yellow droopy 8/23-no leaves stem turgid
E,C,46,B,CP2_5_5,CP2,5,5,10/20/23,9/13 - powdery mildew 9/27- leaves dead stem turgid
E,C,47,A,YO7_6_3,YO7,6,3,NA,NA
E,C,47,B,IH_2_7,IH,2,7,NA,NA
E,C,48,A,CP2_4_5,CP2,4,5,9/20/23,9/13- Stem turgid no leaves
E,C,48,B,YO8_2_3,YO8,2,3,7/26/23,NA
E,C,49,A,YO4_5_6,YO4,5,6,7/26/23,NA
F,C,50,A,LVTR1_8_9,LVTR1,8,9,9/13/23,8/16 fungus 8/30 - heavy herbivory
F,C,50,B,YO11_8_1,YO11,8,1,10/20/23,8/16 - fungus 9/27- leaves dead
F,C,51,A,CP2_2_6,CP2,2,6,9/20/23,8/30- heavy herbivory 9/13- no leaves
F,C,51,B,YO11_5_1,YO11,5,1,8/9/23,NA
F,C,52,A,CC_4_8,CC,4,8,NA,NA
F,C,52,B,YO8_5_8,YO8,5,8,7/26/23,NA
F,C,53,A,YO4_9_3,YO4,9,3,9/20/23,8/16 - no leaves stem turgid
F,C,53,B,IH_3_8,IH,3,8,NA,10/20 in gopher hole. reburried
F,C,54,A,LV1_3_7,LV1,3,7,9/13/23,8/30 - heavy herbivory 9/6-no leaves
F,C,54,B,TM2_1_14,TM2,1,14,NA,NA
F,C,55,A,YO7_1_4,YO7,1,4,NA,NA
F,C,55,B,WL2_1_1,WL2,1,1,7/26/23,NA
F,C,56,A,BH_2_8,BH,2,8,7/26/23,NA
F,C,56,B,WL1_4_9,WL1,4,9,9/20/23,NA
F,C,57,A,SC_2_8,SC,2,8,7/26/23,NA
F,C,57,B,CC_5_8,CC,5,8,7/26/23,NA
F,C,58,A,YO4_3_6,YO4,3,6,7/26/23,NA
F,C,58,B,FR_4_7,FR,4,7,7/26/23,NA
D,C,2,C,SC_5_6,SC,5,6,NA,NA
D,C,2,D,CC_9_6,CC,9,6,NA,NA
D,C,3,C,SQ2_6_22,SQ2,6,22,8/2/23,NA
D,C,3,D,CP2_5_4,CP2,5,4,10/13/23,9/20-leaves dying
D,C,4,C,YO4_5_4,YO4,5,4,10/13/23,9/13-heavy herbiv.
D,C,5,C,SC_6_6,SC,6,6,NA,NA
D,C,6,C,YO11_5_12,YO11,5,12,8/2/23,NA
D,C,6,D,WL1_7_20,WL1,7,20,10/27/23,9/20-powdery mildew 9/27-leaves dead
D,C,7,C,WV_4_10,WV,4,10,7/26/23,NA
D,C,7,D,WL1_10_4,WL1,10,4,10/27/23,9/20 - powdery Mildew 10/20 leaves dead
D,C,8,C,DPR_1_11,DPR,1,11,7/26/23,NA
D,C,8,D,YO11_4_7,YO11,4,7,8/2/23,NA
D,C,9,C,YO11_5_15,YO11,5,15,7/26/23,NA
D,C,9,D,CP2_7_11,CP2,7,11,7/26/23,NA
D,C,10,C,CP3_7_5,CP3,7,5,8/2/23,NA
D,C,10,D,BH_3_6,BH,3,6,NA,NA
D,C,11,C,DPR_4_11,DPR,4,11,NA,NA
D,C,11,D,CC_3_6,CC,3,6,8/23/23,8/16-yellow leaves droopy
D,C,12,C,YO8_3_2,YO8,3,2,7/26/23,NA
D,C,12,D,YO7_5_16,YO7,5,16,8/2/23,NA
D,C,13,C,LVTR1_7_4,LVTR1,7,4,10/13/23,9/13 - wilted 9/27-no leaves
D,C,13,D,WL1_7_8,WL1,7,8,10/27/23,10/20 leaves resprouting. 9/27- no leaves. 9/20 - heavy herbivory
D,C,14,C,DPR_6_19,DPR,6,19,8/2/23,NA
D,C,14,D,YO8_6_6,YO8,6,6,7/26/23,NA
D,C,15,C,BH_7_6,BH,7,6,8/2/23,NA
D,C,15,D,LV3_7_10,LV3,7,10,7/26/23,NA
D,C,16,C,IH_4_7,IH,4,7,7/26/23,NA
E,C,19,C,YO8_4_8,YO8,4,8,7/26/23,NA
E,C,19,D,YO7_5_2,YO7,5,2,NA,9/27-heavy herbivory
E,C,20,C,CP2_5_14,CP2,5,14,10/13/23,9/13 fungus/dying
E,C,20,D,YO7_7_22,YO7,7,22,7/26/23,NA
E,C,21,C,WL2_6_13,WL2,6,13,7/26/23,NA
E,C,21,D,LV1_5_6,LV1,5,6,8/2/23,NA
E,C,22,C,YO11_6_13,YO11,6,13,7/26/23,NA
E,C,22,D,FR_7_7,FR,7,7,10/13/23,9/13 -fungus/dying 9/27-resprouting
E,C,23,C,CC_8_7,CC,8,7,NA,NA
E,C,23,D,TM2_4_12,TM2,4,12,NA,NA
E,C,24,C,DPR_6_6,DPR,6,6,7/26/23,NA
E,C,24,D,YO4_2_8,YO4,2,8,7/26/23,NA
E,C,25,C,YO11_8_13,YO11,8,13,8/2/23,NA
E,C,25,D,DPR_8_3,DPR,8,3,NA,NA
E,C,28,C,WL1_4_3,WL1,4,3,9/20/23,8/30-stem turgid no leaves
E,C,28,D,LV1_8_6,LV1,8,6,7/26/23,NA
E,C,29,C,YO11_1_13,YO11,1,13,7/26/23,NA
E,C,29,D,TM2_5_8,TM2,5,8,7/26/23,NA
E,C,30,C,BH_4_7,BH,4,7,NA,NA
E,C,30,D,SQ2_6_27,SQ2,6,27,7/26/23,NA
E,C,31,C,YO7_7_3,YO7,7,3,8/16/23,NA
E,C,31,D,LV1_2_6,LV1,2,6,7/26/23,NA
E,C,32,C,LVTR1_4_3,LVTR1,4,3,7/26/23,NA
E,C,32,D,TM2_7_12,TM2,7,12,NA,9/20-some fruit dying
E,C,33,C,TM2_2_5,TM2,2,5,NA,NA
E,C,33,D,CC_3_7,CC,3,7,NA,NA
E,C,34,C,SC_4_7,SC,4,7,NA,NA
E,C,34,D,SC_8_7,SC,8,7,NA,NA
E,C,35,C,WL2_8_13,WL2,8,13,8/2/23,NA
E,C,35,D,IH_6_7,IH,6,7,7/26/23,NA
E,C,36,C,CC_1_7,CC,1,7,8/2/23,NA
E,C,36,D,LVTR1_6_5,LVTR1,6,5,10/27/23,9/13 - Stem turgid no leaves
E,C,37,C,CC_2_7,CC,2,7,NA,NA
E,C,37,D,IH_5_7,IH,5,7,7/26/23,NA
E,C,38,C,YO7_1_3,YO7,1,3,NA,9/27 no leaves
E,C,38,D,LV1_3_6,LV1,3,6,8/2/23,NA
E,C,39,C,CP3_6_13,CP3,6,13,10/20/23,9/13 -fungus. 9/20 no leaves
E,C,39,D,YO8_8_7,YO8,8,7,10/20/23,9/13 -fungus. 9/20- no leaves. 9/27- resprout
E,C,40,C,DPR_6_18,DPR,6,18,NA,9/20-top leaves deed
E,C,40,D,YO11_8_16,YO11,8,16,10/27/23,9/20- top leaves dead
E,C,41,C,LVTR1_8_8,LVTR1,8,8,NA,9/20-no leaves. Stem turgid
E,C,41,D,SC_6_7,SC,6,7,NA,NA
E,C,42,C,WL1_7_9,WL1,7,9,9/13/23,NA
E,C,42,D,WL1_10_5,WL1,10,5,10/13/23,9/20 leaves dead
E,C,43,C,WR_2_19,WR,2,19,10/20/23,9/13 -fungus 9/20- leaves dead
E,C,43,D,CP2_3_5,CP2,3,5,10/13/23,9/6-no leaves
E,C,44,C,YO8_5_7,YO8,5,7,10/13/23,9/6-no leaves
E,C,44,D,WL2_7_13,WL2,7,13,NA,NA
E,C,45,D,SC_4_15,SC,4,15,7/26/23,9/20 tag gone
E,C,46,C,TM2_1_6,TM2,1,6,8/16/23,8/16-tag+ plant gone
E,C,46,D,SQ3_4_10,SQ3,4,10,9/27/23,9/20 leaves dead
E,C,47,C,FR_4_6,FR,4,6,10/13/23,9/13 - leaves dying 9/27- leaves dead
E,C,47,D,SQ1_4_7,SQ1,4,7,10/27/23,9/20- leaves dead
E,C,48,C,DPR_4_12,DPR,4,12,8/9/23,8/16-pick present no date
E,C,48,D,SQ1_4_2,SQ1,4,2,NA,NA
E,C,49,C,YO11_7_13,YO11,7,13,9/27/23,9/20-leaves dead
F,C,50,C,SQ2_4_4,SQ2,4,4,7/26/23,NA
F,C,50,D,YO7_7_17,YO7,7,17,7/26/23,NA
F,C,51,C,IH_4_8,IH,4,8,8/23/23,8/16-leaves - yellow droopy
F,C,51,D,LV1_4_7,LV1,4,7,7/26/23,NA
F,C,52,C,YO8_8_8,YO8,8,8,8/2/23,NA
F,C,52,D,YO8_2_4,YO8,2,4,8/2/23,NA
F,C,53,C,TM2_5_2,TM2,5,2,7/26/23,NA
F,C,53,D,TM2_7_13,TM2,7,13,NA,NA
F,C,54,C,LVTR1_7_12,LVTR1,7,12,7/26/23,different plant
F,C,54,D,CC_1_8,CC,1,8,7/26/23,NA
F,C,55,C,CP3_6_1,CP3,6,1,7/26/23,NA
F,C,55,D,CP2_7_13,CP2,7,13,8/2/23,NA
F,C,56,C,DPR_7_5,DPR,7,5,8/9/23,NA
F,C,56,D,TM2_1_7,TM2,1,7,8/2/23,NA
F,C,57,C,IH_7_8,IH,7,8,8/2/23,NA
F,C,57,D,LV1_5_7,LV1,5,7,7/26/23,NA
F,C,58,C,IH_2_8,IH,2,8,7/26/23,NA
F,C,58,D,CC_8_8,CC,8,8,8/2/23,NA
G,D,3,A,YO11_8_2,YO11,8,2,7/26/23,NA
G,D,3,B,IH_5_9,IH,5,9,NA,NA
G,D,4,A,TM2_5_10,TM2,5,10,8/16/23,NA
G,D,4,B,YO11_7_14,YO11,7,14,9/20/23,NA
G,D,5,A,CP3_4_2,CP3,4,2,10/13/23,9/27-resprouting
G,D,5,B,SQ2_1_1,SQ2,1,1,10/20/23,9/13 heavy herbivory leaves wilting. 9/27-no leaves
G,D,6,A,CP2_5_7,CP2,5,7,7/26/23,NA
G,D,7,B,LVTR1_8_10,LVTR1,8,10,7/26/23,NA
G,D,9,A,CP3_2_1,CP3,2,1,7/26/23,NA
G,D,10,A,CP2_1_7,CP2,1,7,NA,9/20-leaves wilting 9/27 leaves dead
G,D,10,B,DPR_1_1,DPR,1,1,NA,9/27 -heavy herb.
G,D,11,A,LV1_8_8,LV1,8,8,7/26/23,NA
G,D,11,B,YO7_7_5,YO7,7,5,NA,9/27 leaves dead stem turgid
G,D,12,A,LVTR1_7_7,LVTR1,7,7,8/2/23,NA
G,D,12,B,YO8_6_9,YO8,6,9,7/26/23,NA
G,D,13,B,LVTR1_6_7,LVTR1,6,7,8/2/23,NA
G,D,14,A,IH_7_9,IH,7,9,NA,NA
G,D,14,B,SC_6_9,SC,6,9,8/2/23,NA
G,D,15,A,YO7_7_24,YO7,7,24,8/2/23,NA
G,D,15,B,YO4_2_10,YO4,2,10,10/27/23,9/13 leaves drying stem turgid
G,D,16,A,SQ3_7_13,SQ3,7,13,7/26/23,NA
G,D,16,B,YO11_3_4,YO11,3,4,8/2/23,NA
G,D,17,A,CC_9_9,CC,9,9,NA,NA
G,D,17,B,LV3_5_5,LV3,5,5,10/20/23,9/13 leaves drying 9/27 - leaves dead
G,D,18,A,WL1_2_1,WL1,2,1,10/13/23,9/20 no leaves 9/13 leaves drying
G,D,18,B,DPR_6_8,DPR,6,8,NA,9/27-heavy herbivory
G,D,19,A,TM2_7_18,TM2,7,18,NA,NA
G,D,19,B,CC_4_9,CC,4,9,NA,NA
G,D,20,A,YO7_6_14,YO7,6,14,NA,NA
G,D,20,B,LV1_3_8,LV1,3,8,8/2/23,NA
G,D,21,A,SC_5_9,SC,5,9,NA,NA
G,D,21,B,BH_6_9,BH,6,9,8/2/23,NA
G,D,22,A,DPR_3_1,DPR,3,1,NA,NA
G,D,22,B,CC_1_9,CC,1,9,8/2/23,NA
G,D,23,A,LV3_1_2,LV3,1,2,7/26/23,NA
G,D,23,B,LVTR1_4_8,LVTR1,4,8,8/2/23,NA
G,D,24,A,YO7_5_4,YO7,5,4,8/2/23,NA
G,D,24,B,IH_1_9,IH,1,9,NA,NA
G,D,25,A,WL1_7_11,WL1,7,11,7/26/23,NA
G,D,25,B,SC_2_9,SC,2,9,7/26/23,NA
G,D,26,A,YO8_8_9,YO8,8,9,7/26/23,NA
G,D,26,B,LV1_2_8,LV1,2,8,8/9/23,NA
G,D,27,A,LV1_6_8,LV1,6,8,7/26/23,NA
G,D,27,B,BH_7_9,BH,7,9,7/26/23,NA
G,D,28,A,CP2_2_7,CP2,2,7,8/2/23,NA
G,D,28,B,SC_4_9,SC,4,9,8/2/23,NA
G,D,29,A,YO4_3_10,YO4,3,10,7/26/23,NA
G,D,29,B,CC_5_9,CC,5,9,7/26/23,NA
G,D,30,A,TM2_7_1,TM2,7,1,8/2/23,NA
G,D,30,B,BH_1_9,BH,1,9,7/26/23,NA
G,D,31,A,FR_3_9,FR,3,9,7/26/23,NA
G,D,31,B,TM2_1_8,TM2,1,8,8/2/23,NA
G,D,32,A,DPR_5_13,DPR,5,13,8/2/23,NA
G,D,32,B,SQ2_8_2,SQ2,8,2,7/26/23,NA
G,D,33,A,WL2_5_2,WL2,5,2,8/2/23,NA
G,D,33,B,CP2_3_7,CP2,3,7,9/27/23,9/13 heavy herbivory
G,D,34,A,LV3_7_13,LV3,7,13,7/26/23,NA
G,D,34,B,CP2_7_1,CP2,7,1,8/2/23,NA
G,D,35,A,YO11_1_2,YO11,1,2,7/26/23,NA
F,D,37,A,BH_5_8,BH,5,8,NA,NA
F,D,37,B,YO11_7_2,YO11,7,2,8/9/23,NA
F,D,38,A,WL2_8_1,WL2,8,1,8/9/23,NA
F,D,38,B,LVTR1_6_6,LVTR1,6,6,7/26/23,NA
F,D,39,A,CC_9_8,CC,9,8,NA,NA
F,D,39,B,SC_8_8,SC,8,8,8/2/23,NA
F,D,40,A,CC_3_8,CC,3,8,8/2/23,NA
F,D,40,B,BH_7_8,BH,7,8,NA,NA
F,D,41,A,YO11_5_18,YO11,5,18,8/9/23,NA
F,D,41,B,SQ3_1_12,SQ3,1,12,10/20/23,9/20 no leaves 9/13 heavy herbivory
F,D,42,A,WR_2_16,WR,2,16,7/26/23,NA
F,D,42,B,YO8_1_4,YO8,1,4,7/26/23,NA
F,D,43,A,LVTR1_7_6,LVTR1,7,6,9/27/23,8/30-stem turgid no leaves
F,D,43,B,DPR_8_16,DPR,8,16,NA,8/30 - heavy herbivory 9/27-resprouting
F,D,44,A,CP3_3_1,CP3,3,1,8/9/23,NA
F,D,44,B,SQ1_14_6,SQ1,14,6,7/26/23,NA
F,D,45,A,SC_6_8,SC,6,8,NA,NA
F,D,45,B,WL2_7_1,WL2,7,1,8/9/23,NA
F,D,46,A,LV3_5_4,LV3,5,4,8/2/23,NA
F,D,46,B,WL1_7_10,WL1,7,10,8/2/23,NA
F,D,47,A,LVTR1_4_2,LVTR1,4,2,8/2/23,NA
F,D,47,B,CP2_1_6,CP2,1,6,9/27/23,9/6-no leaves 9/13-no leaves stem turgid
F,D,48,A,LV1_8_7,LV1,8,7,8/9/23,NA
F,D,48,B,WL2_3_1,WL2,3,1,NA,9/13-heavy herbivory 9/27 no leaves
F,D,49,A,SQ3_4_8,SQ3,4,8,8/2/23,NA
F,D,49,B,YO11_6_1,YO11,6,1,10/13/23,9/13 - leaves drying stem turgid
F,D,50,A,YO7_7_4,YO7,7,4,NA,9/27 resprouting
F,D,50,B,CP3_2_7,CP3,2,7,7/26/23,NA
F,D,51,A,LVTR1_5_12,LVTR1,5,12,8/2/23,NA
F,D,51,B,TM2_4_8,TM2,4,8,7/26/23,NA
F,D,52,A,WL1_2_2,WL1,2,2,7/26/23,NA
F,D,52,B,YO7_7_16,YO7,7,16,7/26/23,NA
F,D,53,A,IH_6_8,IH,6,8,7/26/23,NA
F,D,53,B,DPR_1_13,DPR,1,13,8/2/23,NA
F,D,54,A,YO8_6_8,YO8,6,8,8/9/23,8/16 - pick present no date
F,D,54,B,DPR_8_4,DPR,8,4,NA,NA
F,D,55,A,BH_3_8,BH,3,8,NA,NA
F,D,55,B,YO4_2_9,YO4,2,9,NA,9/20 powdery mildew
F,D,56,A,FR_7_8,FR,7,8,8/2/23,NA
F,D,56,B,SQ1_2_6,SQ1,2,6,10/27/23,9/13-leaves drying stem turgid. 9/27 resprout
F,D,57,A,CP2_2_15,CP2,2,15,7/26/23,NA
F,D,57,B,CP2_4_6,CP2,4,6,7/26/23,NA
F,D,58,A,SQ2_6_1,SQ2,6,1,10/20/23,9/13 - leaves drying stem turgid
F,D,58,B,YO11_3_2,YO11,3,2,8/2/23,NA
G,D,3,C,WR_1_1,WR,1,1,7/26/23,NA
G,D,3,D,SQ3_6_2,SQ3,6,2,7/26/23,NA
G,D,4,C,YO8_1_5,YO8,1,5,10/27/23,9/20- -leaves dead
G,D,4,D,IH_4_9,IH,4,9,7/26/23,NA
G,D,5,C,WL2_2_2,WL2,2,2,NA,9/27 - leaves dead
G,D,5,D,CP2_4_7,CP2,4,7,7/26/23,NA
G,D,6,C,CP3_4_15,CP3,4,15,8/2/23,NA
G,D,6,D,YO4_9_2,YO4,9,2,7/26/23,NA
G,D,8,C,LV1_1_8,LV1,1,8,7/26/23,NA
G,D,9,C,WL2_3_2,WL2,3,2,8/2/23,NA
G,D,9,D,FR_7_9,FR,7,9,7/26/23,NA
G,D,10,C,LVTR1_2_7,LVTR1,2,7,8/2/23,NA
G,D,10,D,SQ1_2_13,SQ1,2,13,7/26/23,NA
G,D,11,C,CP3_5_2,CP3,5,2,8/23/23,8/16- leaves yellow floppy
G,D,11,D,SQ2_6_23,SQ2,6,23,7/26/23,NA
G,D,12,C,YO11_5_2,YO11,5,2,7/26/23,NA
G,D,12,D,BH_5_9,BH,5,9,7/26/23,NA
G,D,13,C,SQ1_6_9,SQ1,6,9,8/2/23,NA
G,D,13,D,YO8_5_9,YO8,5,9,7/26/23,NA
G,D,14,C,IH_3_9,IH,3,9,8/2/23,NA
G,D,14,D,YO8_8_14,YO8,8,14,7/26/23,NA
G,D,15,C,YO7_4_5,YO7,4,5,7/26/23,NA
G,D,15,D,LVTR1_7_18,LVTR1,7,18,7/26/23,NA
G,D,16,C,TM2_6_13,TM2,6,13,7/26/23,NA
G,D,16,D,DPR_3_15,DPR,3,15,7/26/23,NA
G,D,17,C,YO8_3_5,YO8,3,5,9/27/23,9/13-no leaves stem turgid 9/20 no leaves
G,D,17,D,SC_8_9,SC,8,9,NA,NA
G,D,18,C,LV1_5_8,LV1,5,8,7/26/23,NA
G,D,18,D,FR_6_12,FR,6,12,7/26/23,NA
G,D,19,C,CP3_6_2,CP3,6,2,7/26/23,NA
G,D,19,D,TM2_2_9,TM2,2,9,7/26/23,NA
G,D,20,C,TM2_4_4,TM2,4,4,8/2/23,NA
G,D,20,D,BH_2_9,BH,2,9,8/2/23,NA
G,D,21,C,IH_2_9,IH,2,9,8/2/23,NA
G,D,21,D,WL2_6_2,WL2,6,2,7/26/23,NA
G,D,22,C,CP2_2_14,CP2,2,14,10/27/23,9/13-leaves drying 9/20- no leaves
G,D,22,D,WL2_7_2,WL2,7,2,NA,NA
G,D,23,C,WL1_7_15,WL1,7,15,NA,9/13-no leaves stem turgid 9/20-new leaves
G,D,23,D,CC_8_9,CC,8,9,7/26/23,NA
G,D,24,C,CC_3_9,CC,3,9,7/26/23,NA
G,D,24,D,SQ2_13_3,SQ2,13,3,7/26/23,NA
G,D,25,C,SC_4_17,SC,4,17,7/26/23,NA
G,D,25,D,WL2_8_2,WL2,8,2,7/26/23,NA
G,D,26,C,CP3_3_2,CP3,3,2,7/26/23,NA
G,D,26,D,YO7_6_5,YO7,6,5,7/26/23,NA
G,D,27,C,CC_2_9,CC,2,9,NA,NA
G,D,27,D,YO11_6_2,YO11,6,2,8/2/23,NA
G,D,28,C,SC_8_15,SC,8,15,NA,NA
G,D,28,D,SQ2_6_2,SQ2,6,2,10/13/23,9/6-no leaves
G,D,29,C,WL2_1_2,WL2,1,2,NA,9/13-heavy herbivory 9/20-no leaves
G,D,29,D,YO7_1_5,YO7,1,5,NA,NA
G,D,30,C,DPR_8_5,DPR,8,5,8/2/23,NA
G,D,30,D,FR_4_8,FR,4,8,7/26/23,NA
G,D,31,C,YO8_2_5,YO8,2,5,8/2/23,NA
G,D,31,D,IH_6_9,IH,6,9,NA,NA
G,D,32,C,LVTR1_4_4,LVTR1,4,4,8/30/23,NA
G,D,32,D,LV1_4_8,LV1,4,8,10/20/23,8/30-stem turgid resprouting 9/20 no leaves
G,D,33,C,SQ1_14_9,SQ1,14,9,8/2/23,NA
G,D,33,D,WL1_10_1,WL1,10,1,7/26/23,NA
G,D,34,C,CP3_1_1,CP3,1,1,9/27/23,8/30-stem turgid 9/20 leaves resprouting
G,D,34,D,DPR_4_1,DPR,4,1,9/27/23,8/23 top snapped off resprouting 9/20 no leaves
G,D,35,C,BH_3_9,BH,3,9,7/26/23,NA
G,D,35,D,BH_4_9,BH,4,9,7/26/23,NA
F,D,36,D,WL1_7_14,WL1,7,14,7/26/23,NA
F,D,37,C,SC_2_18,SC,2,18,NA,NA
F,D,38,D,DPR_6_7,DPR,6,7,7/26/23,NA
F,D,39,C,SC_5_14,SC,5,14,8/2/23,NA
F,D,39,D,CP3_5_14,CP3,5,14,7/26/23,NA
F,D,40,C,IH_5_8,IH,5,8,NA,NA
F,D,40,D,WL2_2_1,WL2,2,1,7/26/23,NA
F,D,41,C,LVTR1_8_20,LVTR1,8,20,7/26/23,NA
F,D,41,D,CP3_5_1,CP3,5,1,7/26/23,NA
F,D,42,C,WL2_6_1,WL2,6,1,NA,9/13-leaves drying 9/20 stem turgid
F,D,42,D,YO7_3_9,YO7,3,9,NA,NA
F,D,43,C,SQ2_13_6,SQ2,13,6,NA,9/13 - no leaves stem turgid
F,D,43,D,CC_2_8,CC,2,8,7/26/23,NA
F,D,44,C,TM2_7_19,TM2,7,19,7/26/23,NA
F,D,44,D,LV1_1_7,LV1,1,7,8/23/23,NA
F,D,45,C,FR_2_11,FR,2,11,7/26/23,NA
F,D,45,D,BH_6_8,BH,6,8,7/26/23,NA
F,D,46,C,YO8_3_4,YO8,3,4,7/26/23,NA
F,D,46,D,SC_5_8,SC,5,8,7/26/23,NA
F,D,47,C,YO8_4_12,YO8,4,12,7/26/23,NA
F,D,47,D,BH_1_8,BH,1,8,7/26/23,NA
F,D,48,C,SQ2_6_25,SQ2,6,25,10/27/23,9/13 leaves drying stem turgid 9/20 leaves dead
F,D,48,D,YO11_7_1,YO11,7,1,10/27/23,9/13 - stem turgid resprouting 9/20 no leaves
F,D,49,C,SQ2_8_1,SQ2,8,1,7/26/23,NA
F,D,49,D,YO11_1_1,YO11,1,1,7/26/23,NA
F,D,50,C,YO7_5_3,YO7,5,3,8/9/23,NA
F,D,50,D,DPR_4_13,DPR,4,13,7/26/23,NA
F,D,51,C,IH_1_8,IH,1,8,NA,NA
F,D,51,D,LV3_7_8,LV3,7,8,7/26/23,NA
F,D,52,C,CP3_1_13,CP3,1,13,7/26/23,NA
F,D,52,D,LVTR1_8_23,LVTR1,8,23,7/26/23,NA
F,D,53,C,BH_4_8,BH,4,8,7/26/23,NA
F,D,53,D,DPR_3_13,DPR,3,13,7/26/23,NA
F,D,54,D,CP2_5_6,CP2,5,6,10/13/23,9/13 - no leaves stem turgid
F,D,55,C,SC_4_8,SC,4,8,NA,NA
F,D,55,D,CP2_3_6,CP2,3,6,10/20/23,9/13 - leaves drying stem turgid 9/20 powdery mildew
F,D,56,C,YO7_6_4,YO7,6,4,NA,NA
F,D,56,D,CP3_4_1,CP3,4,1,9/20/23,9/13 - no leaves stem turgid
F,D,57,C,FR_5_9,FR,5,9,7/26/23,NA
F,D,57,D,LV1_2_7,LV1,2,7,9/27/23,8/30-stem - turgid no leaves
F,D,58,C,TM2_2_10,TM2,2,10,7/26/23,NA
F,D,58,D,WL2_5_1,WL2,5,1,NA,9/13-leaves drying stem turgid 9/20 no leaves
F,D,59,D,LV1_3_15,LV1,3,15,10/13/23,9/20 leaves dried powdery mildew
H,E,3,B,SQ3_4_2,SQ3,4,2,7/26/23,NA
H,E,4,B,LV1_2_9,LV1,2,9,8/9/23,NA
H,E,5,A,CP3_4_3,CP3,4,3,7/26/23,NA
H,E,5,B,YO11_8_3,YO11,8,3,7/26/23,NA
H,E,6,B,YO11_6_3,YO11,6,3,9/13/23,NA
H,E,7,A,YO4_1_2,YO4,1,2,NA,9/27- - no leaves stem turgid
H,E,7,B,SQ2_1_2,SQ2,1,2,8/2/23,NA
H,E,8,A,LVTR1_7_8,LVTR1,7,8,7/26/23,NA
H,E,8,B,TM2_6_2,TM2,6,2,NA,NA
H,E,9,A,DPR_8_6,DPR,8,6,9/6/23,NA
H,E,10,A,WL1_3_5,WL1,3,5,7/26/23,NA
H,E,10,B,CP3_1_2,CP3,1,2,8/2/23,NA
H,E,11,A,FR_7_10,FR,7,10,7/26/23,NA
H,E,11,B,DPR_4_2,DPR,4,2,NA,9/27- leaves dying
H,E,12,A,LV1_6_9,LV1,6,9,8/2/23,NA
H,E,12,B,LVTR1_5_1,LVTR1,5,1,10/13/23,9/13 - leaves drying stem turgid
H,E,13,A,BH_7_10,BH,7,10,8/2/23,NA
H,E,14,A,YO11_5_3,YO11,5,3,10/13/23,9/13 - leaves drying stem turgid
H,E,14,B,SQ1_14_8,SQ1,14,8,7/26/23,NA
H,E,15,A,SC_6_10,SC,6,10,8/2/23,NA
H,E,15,B,YO7_7_6,YO7,7,6,8/16/23,NA
H,E,16,A,TM2_3_2,TM2,3,2,8/9/23,NA
H,E,16,B,YO8_5_10,YO8,5,10,7/26/23,NA
H,E,17,A,YO11_5_16,YO11,5,16,7/26/23,NA
H,E,17,B,WL2_7_3,WL2,7,3,9/27/23,8/16-floppy 9/20 stem only
H,E,18,A,LVTR1_8_11,LVTR1,8,11,7/26/23,NA
H,E,18,B,BH_6_10,BH,6,10,NA,NA
H,E,19,A,LV1_5_9,LV1,5,9,9/27/23,8/16- heavy herbiv few leaves. 9/6- no leaves
H,E,19,B,CP3_6_3,CP3,6,3,7/26/23,NA
H,E,20,A,WR_2_20,WR,2,20,7/26/23,NA
H,E,20,B,SQ1_14_5,SQ1,14,5,NA,9/13 no leaves stem turgid. 10/20- roots exposed
H,E,21,A,CC_5_10,CC,5,10,NA,NA
H,E,21,B,CP2_1_8,CP2,1,8,9/27/23,9/6-no leaves
H,E,22,A,IH_2_10,IH,2,10,NA,NA
H,E,22,B,LV1_4_9,LV1,4,9,8/2/23,NA
H,E,23,A,SQ2_8_3,SQ2,8,3,NA,9/6-resprouting
H,E,23,B,WR_3_2,WR,3,2,NA,NA
H,E,24,A,CP3_7_12,CP3,7,12,9/20/23,9/6 resprouting
H,E,24,B,WL2_8_3,WL2,8,3,7/26/23,NA
H,E,25,A,YO7_6_6,YO7,6,6,NA,9/13-no leaves stem turgid 9/27- resprouting
H,E,25,B,TM2_1_15,TM2,1,15,NA,9/13 -flower fell off small fruit
H,E,26,A,SQ2_11_2,SQ2,11,2,9/27/23,8/30-leaves resprouting 9/20 - no leaves
H,E,26,B,IH_7_10,IH,7,10,8/2/23,NA
H,E,27,A,FR_4_9,FR,4,9,7/26/23,NA
H,E,27,B,YO11_1_3,YO11,1,3,8/9/23,NA
H,E,28,A,WL2_2_3,WL2,2,3,NA,NA
H,E,28,B,CC_9_10,CC,9,10,NA,NA
H,E,29,A,TM2_1_9,TM2,1,9,NA,NA
H,E,29,B,YO8_3_6,YO8,3,6,7/26/23,NA
H,E,41,A,FR_3_8,FR,3,8,9/13/23,9/6-no leaves
H,E,41,B,WL1_7_12,WL1,7,12,10/13/23,9/13 leaves drying stem turgid 9/27- no leaves
H,E,42,A,CP2_7_2,CP2,7,2,8/23/23,8/16-leaves yellow floppy
H,E,42,B,CP3_3_3,CP3,3,3,8/2/23,NA
H,E,43,A,YO7_5_14,YO7,5,14,NA,NA
H,E,43,B,DPR_6_17,DPR,6,17,NA,9/13- no leaves stem turgid
H,E,44,A,YO4_9_1,YO4,9,1,10/20/23,9/13-leaves drying stem turgid
H,E,44,B,SC_4_10,SC,4,10,NA,NA
H,E,45,A,WL2_5_3,WL2,5,3,10/20/23,9/13 leaves drying stem turgid. 9/27- powdery mil
H,E,45,B,SQ1_2_12,SQ1,2,12,7/26/23,NA
I,E,46,A,YO7_7_7,YO7,7,7,NA,NA
I,E,46,B,IH_3_11,IH,3,11,NA,NA
I,E,47,A,BH_4_11,BH,4,11,NA,NA
I,E,47,B,BH_6_11,BH,6,11,NA,NA
I,E,48,A,SC_5_11,SC,5,11,NA,NA
I,E,48,B,CC_2_11,CC,2,11,NA,NA
I,E,49,A,YO7_4_3,YO7,4,3,NA,NA
I,E,49,B,TM2_6_4,TM2,6,4,NA,NA
I,E,50,A,FR_6_10,FR,6,10,7/26/23,NA
I,E,50,B,IH_6_11,IH,6,11,8/2/23,NA
I,E,51,A,LV1_8_10,LV1,8,10,7/26/23,NA
I,E,51,B,IH_1_11,IH,1,11,7/26/23,NA
H,E,2,D,TM2_7_2,TM2,7,2,7/26/23,NA
H,E,4,C,YO11_3_12,YO11,3,12,8/9/23,NA
H,E,4,D,LVTR1_7_14,LVTR1,7,14,7/26/23,NA
H,E,5,C,BH_5_10,BH,5,10,NA,10/13: no leaves. 10/20-respr.
H,E,5,D,IH_3_10,IH,3,10,NA,10/13-no leaves. 10/20-respr.
H,E,6,C,SC_8_10,SC,8,10,NA,10/13- no leaves. 10/20 respr many leaves
H,E,6,D,SQ2_6_20,SQ2,6,20,7/26/23,NA
H,E,7,C,TM2_2_7,TM2,2,7,7/26/23,NA
H,E,7,D,YO8_1_6,YO8,1,6,7/26/23,NA
H,E,8,C,WL1_4_12,WL1,4,12,7/26/23,NA
H,E,8,D,CC_4_10,CC,4,10,7/26/23,NA
H,E,9,C,LVTR1_6_8,LVTR1,6,8,7/26/23,NA
H,E,9,D,CP2_3_8,CP2,3,8,7/26/23,NA
H,E,10,C,CC_2_10,CC,2,10,NA,NA
H,E,10,D,LV3_7_6,LV3,7,6,7/26/23,NA
H,E,11,C,CP2_5_8,CP2,5,8,8/2/23,NA
H,E,11,D,LV1_3_9,LV1,3,9,7/26/23,NA
H,E,12,C,SC_2_10,SC,2,10,8/2/23,NA
H,E,12,D,YO8_4_4,YO8,4,4,7/26/23,NA
H,E,13,C,SQ2_6_3,SQ2,6,3,7/26/23,NA
H,E,13,D,SC_2_20,SC,2,20,7/26/23,NA
H,E,14,C,DPR_6_9,DPR,6,9,7/26/23,NA
H,E,14,D,CP3_2_2,CP3,2,2,7/26/23,NA
H,E,15,C,WL2_3_3,WL2,3,3,8/23/23,8/16-leaves yellow floppy
H,E,16,C,YO11_7_3,YO11,7,3,8/9/23,NA
H,E,17,C,LVTR1_3_4,LVTR1,3,4,8/2/23,NA
H,E,17,D,DPR_1_2,DPR,1,2,NA,9/13 - stem top dried leaves resprouting
H,E,18,C,CP2_4_8,CP2,4,8,7/26/23,NA
H,E,18,D,YO7_2_13,YO7,2,13,7/26/23,NA
H,E,19,C,CC_1_10,CC,1,10,7/26/23,NA
H,E,19,D,SC_5_10,SC,5,10,7/26/23,NA
H,E,20,C,CP2_6_1,CP2,6,1,7/26/23,NA
H,E,20,D,BH_2_10,BH,2,10,NA,NA
H,E,21,C,YO7_5_5,YO7,5,5,NA,NA
H,E,21,D,BH_3_10,BH,3,10,7/26/23,NA
H,E,22,C,CC_8_10,CC,8,10,8/23/23,8/16-leaves yellow floppy
H,E,22,D,YO8_6_10,YO8,6,10,10/13/23,9/13 - -no stem leaves turgid
H,E,23,C,BH_1_10,BH,1,10,NA,NA
H,E,23,D,IH_5_10,IH,5,10,NA,NA
H,E,24,C,WL2_6_3,WL2,6,3,7/26/23,NA
H,E,24,D,YO8_8_10,YO8,8,10,7/26/23,NA
H,E,25,C,CP3_5_3,CP3,5,3,7/26/23,NA
H,E,25,D,SC_6_14,SC,6,14,7/26/23,NA
H,E,26,C,CP2_2_8,CP2,2,8,7/26/23,NA
H,E,26,D,IH_6_10,IH,6,10,NA,NA
H,E,27,C,BH_4_10,BH,4,10,NA,8/16- wilted
H,E,27,D,LV1_8_9,LV1,8,9,NA,9/13 - no leaves stem turgid
H,E,28,C,SQ3_1_5,SQ3,1,5,8/9/23,NA
H,E,28,D,YO7_4_10,YO7,4,10,8/2/23,NA
H,E,29,C,YO7_7_25,YO7,7,25,7/26/23,NA
H,E,29,D,IH_4_10,IH,4,10,NA,NA
H,E,41,C,WL2_1_3,WL2,1,3,NA,9/13-leaves drying stem turgid / 9/27 powdery mil
H,E,41,D,LV3_5_6,LV3,5,6,10/13/23,9/6- no leaves 9/13-no eaves stem turgid
H,E,42,C,YO8_2_6,YO8,2,6,10/13/23,9/13- no leaves stem turgid
H,E,42,D,CC_3_10,CC,3,10,NA,NA
H,E,43,C,YO4_2_11,YO4,2,11,NA,9/13 leaves drying stem turgid 9/27- - powdery mild
H,E,43,D,IH_1_10,IH,1,10,NA,NA
H,E,44,C,LVTR1_2_8,LVTR1,2,8,NA,10/20 - powdery mildew 9/13- leaves drying stem turgid 9/27- - resprout
H,E,44,D,LV1_1_9,LV1,1,9,10/20/23,9/13 - no leaves stem turgid
H,E,45,C,DPR_3_2,DPR,3,2,NA,NA
H,E,45,D,DPR_3_14,DPR,3,14,NA,9/13 - stem broken 9/27 re sprouting
I,E,46,C,YO8_2_7,YO8,2,7,8/23/23,8/16-leaves yellow floppy
I,E,46,D,SQ3_2_6,SQ3,2,6,7/26/23,NA
I,E,47,C,YO11_4_6,YO11,4,6,8/2/23,NA
I,E,47,D,SC_4_11,SC,4,11,NA,NA
I,E,48,C,SQ1_2_10,SQ1,2,10,7/26/23,NA
I,E,48,D,TM2_1_10,TM2,1,10,9/6/23,NA
I,E,49,C,DPR_8_15,DPR,8,15,8/2/23,NA
I,E,49,D,CC_4_11,CC,4,11,NA,NA
I,E,50,C,CP2_7_3,CP2,7,3,10/13/23,9/20 -leaves dead 9/27 resprouting
I,E,50,D,IH_5_11,IH,5,11,NA,NA
I,E,51,C,LVTR1_6_9,LVTR1,6,9,7/26/23,NA
I,E,51,D,BH_1_11,BH,1,11,7/26/23,NA
J,F,2,A,LV1_8_11,LV1,8,11,8/9/23,NA
J,F,2,B,TM2_1_11,TM2,1,11,NA,10/13 - flowers/fruit dead /new buds. 9/27 - repro structures dead stem turgid
J,F,3,A,SC_7_6,SC,7,6,NA,10/13 - heavy herbiv and resprout
J,F,3,B,CC_1_12,CC,1,12,NA,10/13 - heavy herbiv and resprout
J,F,4,A,CC_2_12,CC,2,12,NA,10/13- heavy herbiv and respraut
J,F,5,A,FR_4_11,FR,4,11,8/30/23,8/23- Plant snapped
J,F,5,B,DPR_4_4,DPR,4,4,9/13/23,NA
J,F,6,A,YO8_1_8,YO8,1,8,8/9/23,NA
J,F,6,B,WL2_8_5,WL2,8,5,NA,9/27-heavy herb.
J,F,7,A,CP2_6_7,CP2,6,7,9/20/23,9/13-noleaves stemturgid
J,F,7,B,IH_1_12,IH,1,12,NA,NA
J,F,8,A,DPR_1_4,DPR,1,4,NA,9/27- big leaves dying resprouting
J,F,8,B,YO7_1_11,YO7,1,11,8/9/23,NA
J,F,9,A,WL1_9_10,WL1,9,10,9/6/23,9/6 Stem snapped
J,F,9,B,CP3_2_3,CP3,2,3,9/20/23,9/13 -no leaves stemefloppy
I,F,10,A,YO11_6_5,YO11,6,5,9/6/23,NA
I,F,10,B,FR_6_8,FR,6,8,10/20/23,8/30 plant snapped 9/27-no leavs 10/13-turgid
I,F,11,A,WL1_7_13,WL1,7,13,9/27/23,9/6-n0 leaves
I,F,11,B,LV1_1_10,LV1,1,10,8/2/23,NA
I,F,12,A,WL2_2_4,WL2,2,4,NA,9/6 resprouting. 10/20 - roots exposed
I,F,12,B,BH_5_11,BH,5,11,8/9/23,NA
I,F,13,A,TM2_5_13,TM2,5,13,7/26/23,NA
I,F,13,B,CP2_1_9,CP2,1,9,8/23/23,NA
I,F,14,A,FR_4_10,FR,4,10,7/26/23,NA
I,F,14,B,CP2_4_9,CP2,4,9,9/20/23,9/6 -no leaves
I,F,15,A,DPR_5_4,DPR,5,4,NA,10/13-heavy herbiv no leaves
I,F,15,B,YO4_4_3,YO4,4,3,10/13/23,9/13 - no leaves stem turgid 9/27- powdery mildev
I,F,16,A,SQ1_5_9,SQ1,5,9,7/26/23,NA
I,F,16,B,FR_3_10,FR,3,10,7/26/23,NA
I,F,17,A,CP3_3_4,CP3,3,4,7/26/23,NA
I,F,17,B,LVTR1_7_10,LVTR1,7,10,7/26/23,NA
I,F,18,A,DPR_3_3,DPR,3,3,NA,10/13- no leaves 9/27 - powdery mildew new leaves sprouting
I,F,18,B,YO7_5_6,YO7,5,6,NA,9/27-no leaves stem turgid 10/13-resprout
I,F,19,A,SC_6_11,SC,6,11,10/13/23,10/13-hole where plant was
I,F,19,B,SQ2_8_4,SQ2,8,4,7/26/23,no tag
I,F,20,A,DPR_1_3,DPR,1,3,NA,10/13 - mildew
I,F,20,B,WL1_9_4,WL1,9,4,NA,9/13-leayes drying stem turgid
I,F,21,A,SC_2_14,SC,2,14,NA,NA
I,F,21,B,YO8_8_11,YO8,8,11,8/2/23,NA
I,F,22,A,YO11_5_4,YO11,5,4,8/9/23,NA
I,F,22,B,CP2_2_9,CP2,2,9,8/9/23,NA
I,F,23,A,DPR_4_3,DPR,4,3,8/9/23,NA
I,F,23,B,BH_3_11,BH,3,11,NA,NA
I,F,24,A,TM2_2_4,TM2,2,4,NA,NA
I,F,24,B,LVTR1_5_7,LVTR1,5,7,7/26/23,NA
I,F,25,A,YO11_7_4,YO11,7,4,8/9/23,NA
I,F,25,B,YO8_6_11,YO8,6,11,7/26/23,NA
I,F,26,A,WL2_8_4,WL2,8,4,NA,NA
I,F,26,B,IH_7_11,IH,7,11,NA,9/27 - Stem snapped. 10/13 - turgid
I,F,27,A,LVTR1_4_6,LVTR1,4,6,9/20/23,8/30-powdery mildew 9/6 -no leaves
I,F,27,B,LV1_6_10,LV1,6,10,8/2/23,NA
I,F,39,A,SQ2_2_6,SQ2,2,6,NA,9/27-stem broken re sprouting
I,F,39,B,YO11_6_4,YO11,6,4,8/30/23,NA
I,F,40,A,LVTR1_8_16,LVTR1,8,16,9/13/23,8/30 powdery mildew 9/6-no leaves
I,F,41,A,CP3_6_4,CP3,6,4,9/20/23,9/13 no leaves stem turgid
I,F,41,B,CC_1_11,CC,1,11,7/26/23,NA
I,F,42,A,WL2_5_4,WL2,5,4,NA,9/27 -no leaves Stem trugid. 10/20- respr.
I,F,42,B,CC_3_11,CC,3,11,NA,NA
I,F,43,A,CC_5_11,CC,5,11,8/2/23,NA
I,F,43,B,CC_8_11,CC,8,11,NA,NA
I,F,44,A,CP2_5_9,CP2,5,9,9/20/23,9/13-no leaves stem turgid
I,F,44,B,TM2_7_21,TM2,7,21,NA,NA
I,F,45,A,WL1_2_12,WL1,2,12,8/9/23,NA
I,F,45,B,YO7_6_7,YO7,6,7,8/9/23,NA
J,F,2,C,IH_7_12,IH,7,12,NA,NA
J,F,2,D,YO11_8_14,YO11,8,14,7/26/23,NA
J,F,3,C,WL1_7_18,WL1,7,18,10/27/23,9/13- leaves drying stem turgid
J,F,3,D,WR_2_11,WR,2,11,8/16/23,NA
J,F,4,C,TM2_7_4,TM2,7,4,NA,8/30- buds starting to open 10/13 - Stem snapped off
J,F,4,D,YO11_4_1,YO11,4,1,10/27/23,9/13-leaves drying stem turgid 9/27-resprout
J,F,5,D,WL1_7_1,WL1,7,1,NA,9/27 -stem broken but turgid. 10/20-respr.
J,F,6,C,DPR_8_18,DPR,8,18,8/9/23,NA
J,F,6,D,LV1_1_11,LV1,1,11,7/26/23,NA
J,F,7,C,CP3_3_5,CP3,3,5,8/30/23,8/16 wilted
J,F,7,D,CP2_7_4,CP2,7,4,8/9/23,NA
J,F,8,C,SC_6_12,SC,6,12,NA,NA
J,F,8,D,TM2_7_15,TM2,7,15,7/26/23,NA
J,F,9,C,LVTR1_6_14,LVTR1,6,14,8/9/23,NA
J,F,9,D,YO8_8_12,YO8,8,12,7/26/23,NA
I,F,10,D,WR_2_18,WR,2,18,10/27/23,9/27-no leaves Stem turgid
I,F,11,C,SQ2_6_4,SQ2,6,4,9/27/23,9/13-no leaves Stem turgid
I,F,11,D,YO11_5_17,YO11,5,17,10/27/23,9/13-no leaves Stem turgid
I,F,12,C,CP2_6_12,CP2,6,12,7/26/23,NA
I,F,12,D,YO11_1_4,YO11,1,4,10/27/23,9/13- no leaves stem turgid
I,F,13,C,CP3_1_14,CP3,1,14,7/26/23,NA
I,F,13,D,SC_8_11,SC,8,11,8/9/23,NA
I,F,14,C,SQ3_3_13,SQ3,3,13,9/27/23,9/6-no leaves
I,F,14,D,CP3_7_2,CP3,7,2,7/26/23,NA
I,F,15,C,WL2_1_4,WL2,1,4,10/27/23,9/27-no leaves Stem turgid. 10/20 respr.
I,F,15,D,CP3_5_4,CP3,5,4,8/9/23,NA
I,F,16,C,YO8_3_7,YO8,3,7,7/26/23,NA
I,F,17,C,TM2_7_3,TM2,7,3,8/9/23,NA
I,F,18,C,BH_7_11,BH,7,11,NA,8/2 not dead
I,F,18,D,LV1_3_10,LV1,3,10,9/20/23,9/13-no leaves stem turgid
I,F,19,C,YO8_5_11,YO8,5,11,8/9/23,NA
I,F,19,D,WL2_7_4,WL2,7,4,NA,9/27 - big leaves dead resprout
I,F,20,C,DPR_6_10,DPR,6,10,7/26/23,NA
I,F,20,D,LVTR1_2_9,LVTR1,2,9,7/26/23,NA
I,F,21,C,IH_2_11,IH,2,11,8/9/23,NA
I,F,21,D,FR_7_11,FR,7,11,NA,10/13- no reproductive parts left. 9/20-buds leaves dying stem turgid
I,F,22,C,YO11_8_4,YO11,8,4,7/26/23,NA
I,F,22,D,DPR_8_7,DPR,8,7,7/26/23,NA
I,F,23,C,SC_2_23,SC,2,23,NA,NA
I,F,23,D,LV1_2_10,LV1,2,10,7/26/23,NA
I,F,24,C,YO8_1_7,YO8,1,7,8/2/23,NA
I,F,24,D,WL2_3_4,WL2,3,4,8/9/23,NA
I,F,25,C,CP2_3_9,CP2,3,9,8/2/23,7/26: no leaves remaining
I,F,25,D,YO7_4_13,YO7,4,13,8/2/23,NA
I,F,26,C,TM2_4_5,TM2,4,5,8/9/23,NA
I,F,26,D,SC_2_11,SC,2,11,7/26/23,NA
I,F,27,C,YO4_3_13,YO4,3,13,8/2/23,NA
I,F,27,D,YO4_2_12,YO4,2,12,7/26/23,NA
I,F,39,C,SQ2_4_12,SQ2,4,12,8/9/23,NA
I,F,39,D,LV1_4_10,LV1,4,10,7/26/23,NA
I,F,40,C,LV3_7_2,LV3,7,2,7/26/23,NA
I,F,40,D,YO7_2_12,YO7,2,12,7/26/23,NA
I,F,41,C,WL2_6_4,WL2,6,4,NA,9/13- no leaves stem turgid 9/27- - resprout
I,F,41,D,YO7_6_18,YO7,6,18,7/26/23,NA
I,F,42,C,CP3_4_4,CP3,4,4,9/20/23,9/13-no leaves stem turgid
I,F,42,D,CP3_1_3,CP3,1,3,7/26/23,NA
I,F,43,C,CC_9_11,CC,9,11,10/27/23,8/9 - removed pink pick no buds
I,F,43,D,YO8_4_11,YO8,4,11,7/26/23,NA
I,F,44,C,IH_4_11,IH,4,11,NA,NA
I,F,44,D,LV1_5_10,LV1,5,10,7/26/23,NA
I,F,45,C,BH_2_11,BH,2,11,NA,NA
I,F,45,D,LVTR1_8_12,LVTR1,8,12,7/26/23,NA
I,F,46,C,LV3_5_7,LV3,5,7,10/27/23,9/13-no leaves stem turgid
J,G,3,A,YO7_6_8,YO7,6,8,NA,9/27 no leaves stem turgid
J,G,3,B,TM2_3_1,TM2,3,1,NA,8/9 - removed pink pick no buds
J,G,4,A,YO11_5_5,YO11,5,5,9/20/23,9/13 - fungus/dying
J,G,4,B,YO11_7_5,YO11,7,5,8/30/23,NA
J,G,5,A,IH_3_12,IH,3,12,8/30/23,8/23:Wilting
J,G,5,B,IH_4_12,IH,4,12,NA,NA
J,G,6,A,WL2_1_5,WL2,1,5,9/13/23,NA
J,G,6,B,YO4_2_13,YO4,2,13,NA,9/20- leaves dying stem turgid
J,G,7,A,LVTR1_2_10,LVTR1,2,10,NA,9/20- leaves dying stem turgid
J,G,7,B,YO4_5_2,YO4,5,2,7/26/23,NA
J,G,8,A,YO7_6_15,YO7,6,15,NA,NA
J,G,8,B,SC_2_24,SC,2,24,7/26/23,NA
J,G,9,A,BH_1_12,BH,1,12,NA,NA
J,G,9,B,YO8_3_8,YO8,3,8,8/30/23,NA
J,G,10,A,SC_8_12,SC,8,12,NA,NA
J,G,10,B,CP2_4_10,CP2,4,10,10/27/23,9/13 - Stem fungus damage 9/27 no leaves
J,G,11,A,IH_5_12,IH,5,12,NA,NA
J,G,11,B,LV3_3_4,LV3,3,4,9/20/23,9/13 - Stem turgid no leaves
J,G,12,A,CC_3_12,CC,3,12,NA,8/16 alive no red pick
J,G,12,B,LV1_5_11,LV1,5,11,8/2/23,NA
J,G,13,A,YO7_4_7,YO7,4,7,8/2/23,NA
J,G,13,B,CP3_7_4,CP3,7,4,8/9/23,NA
J,G,14,A,DPR_3_4,DPR,3,4,NA,9/27- powdery mildew + resprouting
J,G,14,B,YO11_1_5,YO11,1,5,8/9/23,NA
J,G,15,A,BH_3_12,BH,3,12,NA,NA
J,G,15,B,YO8_5_12,YO8,5,12,9/6/23,NA
J,G,16,A,CP2_5_10,CP2,5,10,10/20/23,8/30 heavy herbiv 9/27- resprout
J,G,16,B,LVTR1_5_10,LVTR1,5,10,8/9/23,NA
J,G,17,A,CC_9_12,CC,9,12,NA,NA
J,G,17,B,WL2_3_5,WL2,3,5,NA,9/27- heavy herbiv and resprout
J,G,18,A,LV1_4_11,LV1,4,11,8/2/23,NA
J,G,18,B,BH_7_12,BH,7,12,9/13/23,NA
J,G,19,A,YO7_5_18,YO7,5,18,NA,9/27- stem turgid no leaves. 10/20-respr.
J,G,19,B,LVTR1_7_11,LVTR1,7,11,7/26/23,NA
J,G,20,A,SQ2_4_11,SQ2,4,11,8/9/23,NA
J,G,20,B,YO8_6_12,YO8,6,12,8/9/23,NA
J,G,21,A,SQ2_8_5,SQ2,8,5,10/20/23,9/27 powdery mildew new sprouts
J,G,21,B,LVTR1_4_7,LVTR1,4,7,8/2/23,NA
J,G,22,A,FR_7_12,FR,7,12,8/2/23,NA
J,G,22,B,YO7_7_8,YO7,7,8,8/16/23,NA
J,G,23,A,FR_3_2,FR,3,2,9/6/23,NA
J,G,23,B,LV3_5_8,LV3,5,8,NA,9/27- - powdery mildew stem turgid. 10/20-respr
J,G,24,A,CP2_3_10,CP2,3,10,8/16/23,NA
J,G,24,B,SC_5_12,SC,5,12,8/16/23,NA
J,G,25,A,DPR_8_8,DPR,8,8,8/9/23,NA
J,G,25,B,BH_2_12,BH,2,12,NA,9/27- stem damage broken*
K,G,27,A,DPR_4_5,DPR,4,5,8/2/23,NA
K,G,27,B,FR_7_13,FR,7,13,7/26/23,NA
K,G,28,A,SQ3_2_1,SQ3,2,1,8/2/23,NA
K,G,28,B,TM2_2_3,TM2,2,3,NA,NA
K,G,29,A,YO4_1_12,YO4,1,12,8/2/23,NA
K,G,29,B,SQ3_6_4,SQ3,6,4,8/9/23,NA
K,G,30,A,CC_8_13,CC,8,13,8/9/23,NA
K,G,30,B,CP3_5_6,CP3,5,6,NA,9/6 - powdery mildew 9/27- - resprout
K,G,31,A,BH_7_13,BH,7,13,NA,9/6-powdery mildew
K,G,31,B,SC_5_13,SC,5,13,8/2/23,NA
K,G,32,A,CP3_2_8,CP3,2,8,NA,9/6 - powdery mildew 9/27- - resprout
K,G,32,B,YO11_5_6,YO11,5,6,8/9/23,NA
K,G,33,A,YO8_3_9,YO8,3,9,8/16/23,NA
K,G,33,B,WR_2_15,WR,2,15,7/26/23,NA
K,G,34,A,WL2_3_6,WL2,3,6,NA,9/6 - powdery mildew 9/27- - resprout
K,G,34,B,LV1_1_12,LV1,1,12,NA,9/6 - powdery mildew 9/27- - no leaves stem turgid
K,G,35,A,CC_4_13,CC,4,13,NA,NA
K,G,35,B,CP2_3_11,CP2,3,11,NA,9/6 - powdery mildew 9/27- - heavy herbiv
K,G,36,A,CP3_7_11,CP3,7,11,8/9/23,NA
K,G,36,B,CP3_4_6,CP3,4,6,NA,9/6 - powdery mildew 9/27- - resprout
K,G,37,A,YO7_7_9,YO7,7,9,NA,NA
K,G,37,B,BH_1_13,BH,1,13,NA,NA
K,G,38,A,LVTR1_2_11,LVTR1,2,11,9/20/23,9/13- stem turgid no leaves
K,G,38,B,DPR_6_12,DPR,6,12,NA,NA
K,G,39,A,TM2_7_17,TM2,7,17,NA,NA
K,G,39,B,DPR_8_14,DPR,8,14,NA,NA
K,G,40,A,TM2_3_7,TM2,3,7,NA,9/6- powdery mildew
K,G,40,B,SQ2_6_18,SQ2,6,18,7/26/23,NA
K,G,41,A,CP2_1_11,CP2,1,11,8/9/23,NA
K,G,41,B,IH_1_13,IH,1,13,NA,NA
K,G,42,A -,YO11_4_5,YO11,4,5,8/9/23,NA
K,G,42,B,LV1_5_12,LV1,5,12,10/27/23,9/27 - Powdery mildew meristem. 10/20- no leaves
K,G,43,A,IH_6_13,IH,6,13,NA,NA
K,G,43,B,BH_3_13,BH,3,13,8/9/23,NA
J,G,3,C,SQ1_2_3,SQ1,2,3,NA,9/27- no leaves stem turgid/10/20-respr.
J,G,3,D,WL1_2_4,WL1,2,4,9/20/23,9/6 -powdery mildew 9/27- no leaves stem turgid
J,G,4,C,CP3_5_5,CP3,5,5,NA,9/6 powdery mildew /10/13-resprout
J,G,4,D,YO4_3_12,YO4,3,12,9/20/23,9/6-powdery mildew 9/13 - no leaves
J,G,5,C,CP2_2_10,CP2,2,10,NA,9/6 -powdery mildew 9/27- no leaves stem turgid
J,G,5,D,YO7_5_7,YO7,5,7,NA,9/6-powdery mildew 9/27- - resprout
J,G,6,C,BH_5_12,BH,5,12,NA,NA
J,G,6,D,IH_2_12,IH,2,12,NA,NA
J,G,7,C,LV1_3_11,LV1,3,11,10/13/23,9/6 powdery mildew 9/20- no leaves stem turgid
J,G,7,D,BH_4_12,BH,4,12,NA,NA
J,G,8,C,DPR_7_2,DPR,7,2,NA,9/6-powdery mildew 9/27- - resprout
J,G,8,D,CC_4_12,CC,4,12,NA,9/6 powdery mildew
J,G,9,C,LV1_6_11,LV1,6,11,9/20/23,9/6-powdery mildew 9/13- no leaves
J,G,9,D,BH_6_12,BH,6,12,NA,NA
J,G,10,C,CC_8_12,CC,8,12,NA,NA
J,G,10,D,WL2_6_5,WL2,6,5,8/9/23,NA
J,G,11,C,WL2_2_5,WL2,2,5,NA,9/6-powdery mildew
J,G,11,D,WV_3_2,WV,3,2,7/26/23,NA
J,G,12,C,SQ2_6_5,SQ2,6,5,NA,9/6- powdery mildew 9/20- no leave stem turgid 9
J,G,12,D,CC_5_12,CC,5,12,NA,NA
J,G,13,C,SQ2_1_3,SQ2,1,3,NA,9/6 - powdery mildew
J,G,13,D,YO8_2_8,YO8,2,8,10/20/23,9/6 - powdery mildew 9/27 no leaves stem turgid
J,G,14,C,SC_2_12,SC,2,12,NA,NA
J,G,14,D,SQ1_14_1,SQ1,14,1,NA,9/6- powdery mildew. 10/13 - resprout
J,G,15,C,DPR_6_11,DPR,6,11,NA,9/6 powdery mildew 8/9 pink pick not budding
J,G,15,D,YO8_4_1,YO8,4,1,NA,9/6 - powdery mildew. 10/20-no leaves
J,G,16,C,TM2_5_5,TM2,5,5,NA,9/27- powdery mildew stem turgid no leaves
J,G,16,D,TM2_3_5,TM2,3,5,8/2/23,NA
J,G,17,C,CP3_1_4,CP3,1,4,NA,9/6 - powdery mildew 9/27 no leaves stem turgid
J,G,17,D,CP3_6_5,CP3,6,5,9/27/23,9/6 - powdery mildew
J,G,18,C,SQ3_7_5,SQ3,7,5,7/26/23,NA
J,G,18,D,IH_6_12,IH,6,12,7/26/23,NA
J,G,19,C,WL2_5_5,WL2,5,5,8/16/23,NA
J,G,19,D,YO11_8_5,YO11,8,5,7/26/23,NA
J,G,20,C,SC_4_12,SC,4,12,7/26/23,NA
J,G,20,D,SQ3_1_4,SQ3,1,4,7/26/23,NA
J,G,21,C,SQ3_3_7,SQ3,3,7,NA,9/13- stem turgid no leaves
J,G,21,D,CP3_4_5,CP3,4,5,7/26/23,NA
J,G,22,C,LVTR1_8_13,LVTR1,8,13,7/26/23,NA
J,G,24,C,CP2_1_10,CP2,1,10,8/9/23,NA
J,G,24,D,LV1_2_11,LV1,2,11,7/26/23,NA
J,G,25,C,WL2_7_5,WL2,7,5,8/2/23,NA
J,G,25,D,LVTR1_6_10,LVTR1,6,10,7/26/23,NA
K,G,27,C,YO7_6_9,YO7,6,9,NA,NA
K,G,27,D,BH_5_13,BH,5,13,8/2/23,NA
K,G,28,C,SC_2_13,SC,2,13,7/26/23,NA
K,G,28,D,FR_5_8,FR,5,8,7/26/23,NA
K,G,29,C,DPR_1_5,DPR,1,5,8/2/23,NA
K,G,29,D,LV1_4_12,LV1,4,12,7/26/23,NA
K,G,30,C,YO11_6_6,YO11,6,6,8/2/23,NA
K,G,30,D,CP2_5_11,CP2,5,11,8/9/23,NA
K,G,31,C,TM2_7_5,TM2,7,5,NA,8/9-pink pick not budding
K,G,31,D,LVTR1_7_13,LVTR1,7,13,7/26/23,NA
K,G,32,C,CC_2_13,CC,2,13,9/13/23,NA
K,G,32,D,WL2_7_6,WL2,7,6,NA,NA
K,G,33,C,CP3_3_6,CP3,3,6,8/30/23,NA
K,G,33,D,YO8_2_9,YO8,2,9,7/26/23,NA
K,G,34,C,WL2_5_6,WL2,5,6,8/23/23,NA
K,G,34,D,YO8_8_13,YO8,8,13,7/26/23,NA
K,G,35,C,LV3_5_9,LV3,5,9,8/9/23,NA
K,G,35,D,SC_4_13,SC,4,13,NA,NA
K,G,36,C,LV1_3_12,LV1,3,12,8/9/23,NA
K,G,36,D,SQ2_1_6,SQ2,1,6,NA,10/13- - mildew/10/20 - no leaves
K,G,37,C,SQ3_6_11,SQ3,6,11,8/30/23,8/23: all leaves snapped/chewed off
K,G,37,D,IH_7_13,IH,7,13,NA,NA
K,G,38,C,CC_9_13,CC,9,13,8/9/23,NA
K,G,38,D,LVTR1_5_5,LVTR1,5,5,7/26/23,NA
K,G,39,C,DPR_3_5,DPR,3,5,7/26/23,7/19 stem broken
K,G,39,D,CP2_7_5,CP2,7,5,8/9/23,NA
K,G,40,C,BH_2_13,BH,2,13,NA,9/27 - Powdery mildew
K,G,40,D,SQ2_6_6,SQ2,6,6,10/27/23,9/6- powdery mildew 9/27- - resprout
K,G,41,C,WL1_3_10,WL1,3,10,NA,10/13- resprout 9/6- powdery mildew 9/20- no leaves/stem turgid
K,G,41,D,YO8_1_9,YO8,1,9,NA,10/13-resprout 9/6- powdery mildew 9/27- no leaves/stem turgid
K,G,42,C,SC_2_27,SC,2,27,NA,NA
K,G,42,D,LVTR1_7_17,LVTR1,7,17,7/26/23,NA
K,G,43,C,YO11_8_6,YO11,8,6,9/20/23,9/13 - Stem broken no leaves
K,G,43,D,WL1_9_2,WL1,9,2,NA,9/27 - Powdery mildew /10/13-resprout
L,H,1,B,DPR_8_10,DPR,8,10,NA,NA
L,H,2,A,LV1_5_13,LV1,5,13,8/2/23,NA
L,H,2,B,WL2_5_7,WL2,5,7,8/30/23,NA
L,H,3,A,CP2_6_13,CP2,6,13,10/20/23,9/6- powdery mildew 9/27- no leaves/stem turgid
L,H,3,B,CC_8_1,CC,8,1,8/9/23,NA
L,H,4,A,BH_6_1,BH,6,1,NA,NA
L,H,4,B,SQ3_4_4,SQ3,4,4,8/2/23,NA
L,H,5,A,SC_4_1,SC,4,1,NA,NA
L,H,5,B,CP3_3_7,CP3,3,7,8/2/23,NA
L,H,6,A,YO7_7_10,YO7,7,10,NA,10/20-Fully respr. 9/6- powdery mildew 9/27- no leaves/stem turgid
L,H,6,B,SC_2_26,SC,2,26,NA,NA
L,H,7,A,IH_6_1,IH,6,1,NA,9/13-stem partially broken /10/20 leaves dead
L,H,8,A,CP2_5_12,CP2,5,12,NA,10/20-respr. 9/6-powdery mildew 9/27- no leaves/stem turgid
L,H,8,B,YO8_5_14,YO8,5,14,NA,9/6- powdery mildew 9/27- no leaves/stem turgid
L,H,9,B,WL2_8_7,WL2,8,7,NA,9/6- powdery mildew 9/27- - resprout
L,H,10,B,CP3_2_11,CP3,2,11,NA,9/6- powdery mildew 9/27- no leaves/stem turgid
L,H,11,B,IH_2_1,IH,2,1,NA,NA
L,H,12,B,SC_2_1,SC,2,1,NA,NA
L,H,13,A,TM2_2_6,TM2,2,6,NA,NA
L,H,13,B,DPR_6_13,DPR,6,13,NA,9/27-heavy herb new Sprouts
L,H,15,B,SQ3_3_5,SQ3,3,5,NA,9/20-no leaves stem turgid 9/27- - resprout
L,H,17,A,CP3_3_15,CP3,3,15,7/26/23,NA
L,H,17,B,CC_1_1,CC,1,1,NA,NA
K,H,18,A,FR_6_9,FR,6,9,NA,9/13-powdery Mildew /10/20 -no leaves
K,H,18,B,YO8_2_10,YO8,2,10,NA,9/13 - severe - herb. damage /10/13-resprout
K,H,19,A,LV3_7_4,LV3,7,4,NA,9/27- heavy herbiv no leaves stem turgid
K,H,19,B,YO8_6_13,YO8,6,13,8/2/23,NA
K,H,20,A,LV1_8_12,LV1,8,12,8/9/23,NA
K,H,20,B,BH_4_13,BH,4,13,8/9/23,NA
K,H,21,A,YO8_4_3,YO8,4,3,8/2/23,NA
K,H,21,B,TM2_1_12,TM2,1,12,NA,10/20-removed FR date from 10/13-fruit not elongated. 9/13 - some dead buds
K,H,22,A,FR_6_4,FR,6,4,7/26/23,NA
K,H,22,B,LV3_7_3,LV3,7,3,7/26/23,NA
K,H,23,A,YO4_5_3,YO4,5,3,NA,9/27- powdery mildew heavy herbiv
K,H,23,B,WL2_8_6,WL2,8,6,8/9/23,NA
K,H,24,A,CP2_4_11,CP2,4,11,8/9/23,NA
K,H,24,B,CP2_4_14,CP2,4,14,NA,10/13 - -resprout 9/20-powdery mildew 9/27- no leaves stem turgid
K,H,25,A,YO7_3_3,YO7,3,3,7/26/23,NA
K,H,25,B,SC_4_14,SC,4,14,NA,NA
K,H,26,A,CP3_1_5,CP3,1,5,8/2/23,NA
K,H,26,B,YO7_7_21,YO7,7,21,7/26/23,NA
K,H,27,A,TM2_6_10,TM2,6,10,NA,NA
K,H,27,B,WL2_1_6,WL2,1,6,8/2/23,NA
K,H,28,A,CP3_6_6,CP3,6,6,NA,9/6-powdery mildew /10/13-resprout
K,H,28,B,WL2_6_6,WL2,6,6,8/16/23,NA
K,H,29,A,WL1_7_2,WL1,7,2,NA,9/6 powdery mildew 9/27- resprout
K,H,29,B,YO11_6_16,YO11,6,16,8/2/23,NA
K,H,30,A,LVTR1_4_5,LVTR1,4,5,8/2/23,NA
K,H,30,B,IH_3_13,IH,3,13,8/9/23,NA
K,H,31,A,YO7_4_11,YO7,4,11,NA,NA
K,H,31,B,FR_4_12,FR,4,12,8/2/23,NA
K,H,32,A,BH_6_13,BH,6,13,8/16/23,NA
K,H,32,B,CC_5_13,CC,5,13,NA,9/13- leaves dying 9/27- resprout
K,H,33,A,CP3_1_6,CP3,1,6,8/30/23,NA
K,H,33,B,YO8_6_1,YO8,6,1,7/26/23,NA
K,H,34,A,WL2_2_7,WL2,2,7,NA,9/6- powdery mildew
L,H,1,D,LV3_5_10,LV3,5,10,8/16/23,NA
L,H,3,C,YO7_7_15,YO7,7,15,NA,NA
L,H,3,D,YO7_5_9,YO7,5,9,NA,NA
L,H,4,D,LVTR1_8_25,LVTR1,8,25,7/26/23,NA
L,H,5,D,YO8_1_10,YO8,1,10,7/26/23,NA
L,H,6,C,TM2_5_11,TM2,5,11,NA,10/13- resprout. 8/30 bud starting to open 9/13- plant dying 9/27-
L,H,6,D,CP2_7_6,CP2,7,6,7/26/23,NA
L,H,7,D,CC_5_1,CC,5,1,8/9/23,NA
L,H,8,C,DPR_3_6,DPR,3,6,8/23/23,NA
L,H,8,D,YO4_2_14,YO4,2,14,7/26/23,NA
L,H,9,C,YO11_8_7,YO11,8,7,8/30/23,NA
L,H,9,D,SQ3_7_7,SQ3,7,7,7/26/23,NA
L,H,10,C,YO8_8_1,YO8,8,1,9/13/23,NA
L,H,10,D,SQ2_4_6,SQ2,4,6,7/26/23,NA
L,H,11,C,IH_4_1,IH,4,1,NA,NA
L,H,12,C,YO7_4_1,YO7,4,1,NA,NA
L,H,13,C,WL1_7_3,WL1,7,3,10/27/23,9/6- powdery mildew 9/27- resprout /10/13- no leaves
L,H,14,D,WR_2_21,WR,2,21,7/26/23,NA
L,H,15,C,CC_3_1,CC,3,1,8/23/23,NA
L,H,15,D,CP2_1_12,CP2,1,12,10/27/23,9/20 - leaves dead stem turgid/10/20-respr.
L,H,16,D,SC_8_1,SC,8,1,NA,NA
L,H,17,D,YO7_7_26,YO7,7,26,7/26/23,NA
K,H,18,C,WL2_3_7,WL2,3,7,8/2/23,NA
K,H,18,D,LVTR1_2_12,LVTR1,2,12,8/2/23,NA
K,H,19,C,SC_6_1,SC,6,1,7/26/23,NA
K,H,19,D,SQ1_3_6,SQ1,3,6,8/2/23,NA
K,H,20,C,SQ2_8_6,SQ2,8,6,7/26/23,NA
K,H,20,D,CP2_2_11,CP2,2,11,NA,9/20-Powdery Mildew 9/27- no leaves stem turgid
K,H,21,C,CC_3_13,CC,3,13,NA,NA
K,H,21,D,YO11_7_6,YO11,7,6,NA,9/6-powdery mildew 9/27 resprout
K,H,22,C,LV1_6_12,LV1,6,12,8/2/23,NA
K,H,22,D,YO4_2_1,YO4,2,1,NA,9/6-powdery mildew 9/27- - resprout
K,H,23,C,WL1_7_19,WL1,7,19,8/9/23,NA
K,H,23,D,LVTR1_6_11,LVTR1,6,11,10/27/23,9/20-leaves dying 9/27- no leaves stem turgid
K,H,24,C,CC_1_13,CC,1,13,7/26/23,NA
K,H,24,D,SC_6_13,SC,6,13,NA,NA
K,H,25,C,LV1_2_12,LV1,2,12,7/26/23,NA
K,H,25,D,YO11_1_6,YO11,1,6,9/20/23,9/6-powdery mildew
K,H,26,C,DPR_8_9,DPR,8,9,NA,9/6-powdery mildew
K,H,26,D,YO7_5_8,YO7,5,8,8/9/23,NA
K,H,27,C,WL2_2_6,WL2,2,6,8/9/23,NA
K,H,27,D,TM2_5_7,TM2,5,7,8/2/23,NA
K,H,28,C,YO8_5_13,YO8,5,13,7/26/23,NA
K,H,28,D,SQ1_14_11,SQ1,14,11,NA,9/13- powdery mildew
K,H,29,C,YO7_4_8,YO7,4,8,7/26/23,NA
K,H,29,D,SC_8_13,SC,8,13,8/9/23,NA
K,H,30,C,DPR_5_5,DPR,5,5,8/2/23,NA
K,H,30,D,IH_4_13,IH,4,13,7/26/23,NA
K,H,31,C,IH_5_13,IH,5,13,NA,NA
K,H,31,D,SQ2_6_21,SQ2,6,21,7/26/23,NA
K,H,32,C,SQ1_5_2,SQ1,5,2,8/9/23,NA
K,H,32,D,IH_2_13,IH,2,13,7/26/23,NA
K,H,33,C,CP2_3_12,CP2,3,12,8/2/23,NA
K,H,33,D,SQ2_13_9,SQ2,13,9,8/9/23,NA
K,H,34,C,LVTR1_6_12,LVTR1,6,12,9/27/23,10/13 - already had red pick
L,I,2,B,LV1_6_13,LV1,6,13,7/26/23,NA
L,I,3,B,CP3_5_7,CP3,5,7,10/27/23,9/6-powdery mildew /10/13 - no leaves
L,I,4,A,SQ2_6_7,SQ2,6,7,8/2/23,NA
L,I,4,B,YO8_3_10,YO8,3,10,8/2/23,NA
L,I,5,A,WL1_3_8,WL1,3,8,7/26/23,NA
L,I,5,B,YO7_6_10,YO7,6,10,7/26/23,NA
L,I,6,A,FR_5_5,FR,5,5,7/26/23,NA
L,I,6,B,BH_7_1,BH,7,1,8/23/23,NA
L,I,7,A,YO11_6_7,YO11,6,7,10/20/23,9/6-powdery mildew /10/13-no leaves
L,I,7,B,DPR_4_6,DPR,4,6,NA,NA
L,I,8,A,WL1_7_16,WL1,7,16,8/9/23,NA
L,I,8,B,CC_9_1,CC,9,1,NA,NA
L,I,9,A,WL2_7_7,WL2,7,7,NA,9/27- powdery mildew
L,I,9,B,SQ2_8_7,SQ2,8,7,8/9/23,NA
L,I,10,A,CP2_4_12,CP2,4,12,10/13/23,9/6-powdery mildew
L,I,10,B,CC_4_1,CC,4,1,NA,NA
L,I,11,A,DPR_5_9,DPR,5,9,8/2/23,NA
L,I,11,B,LVTR1_3_7,LVTR1,3,7,8/2/23,NA
L,I,12,A,IH_1_1,IH,1,1,NA,NA
L,I,12,B,IH_7_1,IH,7,1,NA,10/20 - top of seem dead /respr at bottom
L,I,13,A,YO11_4_10,YO11,4,10,8/2/23,NA
L,I,13,B,LV1_3_13,LV1,3,13,8/9/23,NA
L,I,14,A,LV1_1_13,LV1,1,13,8/2/23,NA
L,I,14,B,TM2_1_13,TM2,1,13,8/9/23,NA
L,I,15,A,BH_5_1,BH,5,1,8/2/23,7/19- stem broken
L,I,15,B,FR_4_13,FR,4,13,8/2/23,NA
L,I,16,A,SQ1_2_11,SQ1,2,11,8/2/23,NA
L,I,16,B,BH_2_1,BH,2,1,NA,NA
L,I,17,A,YO8_5_1,YO8,5,1,NA,10/20-respr. 10/13-no live leaves.  9/13- powdery mildew live leaves
L,I,17,B,LV1_2_13,LV1,2,13,7/26/23,NA
L,I,18,A,BH_1_1,BH,1,1,NA,NA
L,I,18,B,TM2_6_9,TM2,6,9,7/26/23,NA
M,I,19,A,YO11_7_8,YO11,7,8,NA,10/20- respr. 10/13 no live leaves 9/27-powdery mildew
M,I,19,B,WL2_1_8,WL2,1,8,8/2/23,NA
M,I,20,A,SQ2_1_7,SQ2,1,7,8/2/23,NA
M,I,20,B,YO7_5_19,YO7,5,19,8/9/23,NA
M,I,21,A,DPR_8_17,DPR,8,17,10/20/23,9/6- no leaves
M,I,21,B,WL1_7_21,WL1,7,21,9/20/23,9/6- no leaves 9/13- dying
M,I,22,A,LV1_3_1,LV1,3,1,8/2/23,NA
M,I,22,B,CP2_3_13,CP2,3,13,NA,9/20-powdery mildew. 10/20-big leaves dead/respr.
L,I,2,D,WL2_1_7,WL2,1,7,7/26/23,NA
L,I,3,C,YO11_1_7,YO11,1,7,NA,9/27-bare stem powdery mildew/10/20-respr.
L,I,3,D,BH_4_1,BH,4,1,NA,NA
L,I,4,D,SC_4_16,SC,4,16,8/16/23,NA
L,I,5,C,LVTR1_4_12,LVTR1,4,12,NA,10/13 - no leaves
L,I,6,C,YO11_7_7,YO11,7,7,NA,9/13- powdery mildew 9/20- no leaves 10/20 - respr.
L,I,6,D,LV1_4_13,LV1,4,13,7/26/23,NA
L,I,7,C,DPR_1_6,DPR,1,6,7/26/23,NA
L,I,7,D,BH_3_1,BH,3,1,8/2/23,NA
L,I,8,C,IH_3_1,IH,3,1,8/9/23,NA
L,I,8,D,LVTR1_8_18,LVTR1,8,18,7/26/23,NA
L,I,9,C,DPR_6_20,DPR,6,20,NA,9/27- powdery mildew. 10/20 old leaves dead/ respr.
L,I,9,D,YO11_8_15,YO11,8,15,7/26/23,NA
L,I,10,C,CP3_6_7,CP3,6,7,8/9/23,NA
L,I,10,D,YO4_4_1,YO4,4,1,7/26/23,NA
L,I,11,C,LV1_8_13,LV1,8,13,7/26/23,NA
L,I,11,D,FR_7_1,FR,7,1,10/13/23,9/13- leaves dying 9/27-no leaves
L,I,12,C,SC_5_1,SC,5,1,8/9/23,NA
L,I,12,D,YO11_5_7,YO11,5,7,7/26/23,NA
L,I,13,C,WL1_9_1,WL1,9,1,10/27/23,9/20 - powdery mildew /10/13 - no leaves
L,I,13,D,CP3_4_7,CP3,4,7,7/26/23,NA
L,I,14,C,TM2_3_8,TM2,3,8,8/9/23,NA
L,I,14,D,TM2_7_6,TM2,7,6,7/26/23,NA
L,I,15,C,LVTR1_8_1,LVTR1,8,1,7/26/23,NA
L,I,15,D,IH_5_1,IH,5,1,7/26/23,NA
L,I,16,C,YO7_2_10,YO7,2,10,8/2/23,NA
L,I,16,D,CP2_2_12,CP2,2,12,7/26/23,NA
L,I,17,C,CC_2_1,CC,2,1,8/9/23,NA
L,I,17,D,WL2_6_7,WL2,6,7,7/26/23,NA
L,I,18,C,Y04_2_2,Y04,2,2,8/9/23,NA
M,I,19,C,SC_2_22,SC,2,22,7/26/23,NA
M,I,19,D,YO7_6_11,YO7,6,11,7/26/23,NA
M,I,20,C,CP3_2_5,CP3,2,5,7/26/23,NA
M,I,20,D,IH_2_2,IH,2,2,8/2/23,NA
M,I,21,C,CP2_5_13,CP2,5,13,8/9/23,NA
M,I,21,D,WL2_6_8,WL2,6,8,7/26/23,NA
M,I,22,C,BH_1_2,BH,1,2,7/26/23,NA
M,I,22,D,CC_4_2,CC,4,2,8/2/23,NA
M,J,3,A,CP2_7_14,CP2,7,14,10/27/23,9/13 - powdery mildew /10/13 - no live leaves
M,J,3,B,CP3_5_8,CP3,5,8,10/27/23,9/13 powdery mildew /10/13 - no leaves -
M,J,4,A,YO7_3_8,YO7,3,8,NA,NA
M,J,4,B,DPR_3_7,DPR,3,7,8/9/23,NA
M,J,5,A,TM2_2_11,TM2,2,11,NA,NA
M,J,5,B,IH_3_2,IH,3,2,8/23/23,NA
M,J,6,A,LV1_2_1,LV1,2,1,NA,9/20- no leaves stem turgid/10/13-newleaf
M,J,6,B,SC_5_2,SC,5,2,NA,9/6-powdery mildew
M,J,7,A,SQ2_8_8,SQ2,8,8,8/2/23,NA
M,J,7,B,BH_2_2,BH,2,2,NA,NA
M,J,8,A,BH_5_2,BH,5,2,NA,NA
M,J,8,B,WL1_2_13,WL1,2,13,7/26/23,NA
M,J,9,A,FR_7_2,FR,7,2,8/9/23,NA
M,J,9,B,CP3_1_7,CP3,1,7,8/2/23,NA
M,J,10,A,BH_4_2,BH,4,2,NA,NA
M,J,10,B,DPR_4_7,DPR,4,7,NA,9/27- powdery mildew
M,J,11,A,LV1_4_1,LV1,4,1,10/27/23,10/13-no leaves
M,J,11,B,CP2_1_13,CP2,1,13,7/26/23,NA
M,J,12,A,SQ2_6_15,SQ2,6,15,NA,9/27-powdery mildew
M,J,12,B,WL1_9_9,WL1,9,9,NA,10/20.respr. 9/27-powdery mildew /10/13-no live leaves
M,J,13,A,CP2_7_7,CP2,7,7,NA,10/20-no leaves
M,J,13,B,LVTR1_3_2,LVTR1,3,2,8/2/23,NA
M,J,14,A,LVTR1_2_13,LVTR1,2,13,8/2/23,NA
M,J,14,B,WL2_5_8,WL2,5,8,NA,10/20-powdery mildew
M,J,15,A,YO7_7_11,YO7,7,11,NA,NA
M,J,15,B,LV3_7_7,LV3,7,7,NA,10/13-no leaves
M,J,16,A,CP3_4_8,CP3,4,8,8/2/23,NA
M,J,16,B,SC_2_2,SC,2,2,NA,NA
M,J,17,A,YO8_1_11,YO8,1,11,8/9/23,NA
M,J,17,B,TM2_5_12,TM2,5,12,NA,10/20-removed blue Pick from 10/13 still 2 buds
M,J,18,A,DPR_1_7,DPR,1,7,8/30/23,NA
M,J,18,B,SC_8_2,SC,8,2,NA,NA
M,J,3,C,SQ3_2_12,SQ3,2,12,8/9/23,NA
M,J,3,D,CC_8_2,CC,8,2,NA,NA
M,J,4,C,FR_2_10,FR,2,10,NA,9/20 - leaves dead stem turgid
M,J,4,D,TM2_7_7,TM2,7,7,NA,10/20- tiny bud growing- removed last FL and FR date from 10/13
M,J,5,C,YO4_3_4,YO4,3,4,10/27/23,9/13-powdery midew /10/13 - no live leaves
M,J,5,D,SQ3_6_13,SQ3,6,13,NA,9/27 resprout 9/6-powdery mildew
M,J,6,C,CC_2_2,CC,2,2,NA,NA
M,J,6,D,YO8_8_2,YO8,8,2,NA,10/20 - respr. 9/6-powdery mildew /10/13 no leaves
M,J,7,C,YO7_6_16,YO7,6,16,8/2/23,NA
M,J,7,D,YO7_5_10,YO7,5,10,NA,9/20- powdery mildew. 10/20- top leaves dead - respr.
M,J,8,D,YO11_6_8,YO11,6,8,NA,9/6-powdery mildew 9/20- no leaves 10/13-resprout
M,J,9,C,CP2_4_13,CP2,4,13,NA,9/27- heavy herbiv /10/13-no leaves
M,J,9,D,FR_4_1,FR,4,1,NA,9/13 - green mold /10/13-no leaves
M,J,10,C,SQ1_14_3,SQ1,14,3,NA,NA
M,J,10,D,TM2_3_10,TM2,3,10,8/30/23,8/30- likely herbiv no fruits
M,J,11,C,YO11_1_8,YO11,1,8,10/27/23,9/20-powdery mildew 10/13--no live leaves
M,J,11,D,IH_5_2,IH,5,2,NA,NA
M,J,12,C,LV1_6_1,LV1,6,1,NA,10/20 - powdery mildew
M,J,12,D,LVTR1_8_3,LVTR1,8,3,10/27/23,10/13 - no leaves
M,J,13,C,BH_6_2,BH,6,2,NA,NA
M,J,13,D,WL2_3_8,WL2,3,8,NA,10/20-powdery mildew
M,J,14,C,YO8_5_2,YO8,5,2,NA,10/13 - powdery mildow
M,J,14,D,YO8_6_2,YO8,6,2,10/27/23,9/13 - powdery mildew/10/13 no leaves
M,J,15,C,LV1_5_1,LV1,5,1,8/2/23,NA
M,J,15,D,DPR_5_3,DPR,5,3,8/30/23,NA
M,J,16,C,BH_7_2,BH,7,2,NA,NA
M,J,16,D,WL2_8_8,WL2,8,8,NA,9/27-powdery mildew
M,J,17,C,LV1_1_1,LV1,1,1,10/27/23,9/27-bare stem
M,J,17,D,LV1_8_1,LV1,8,1,NA,10/13 - green mold
M,J,18,C,IH_4_2,IH,4,2,9/13/23,NA
M,J,18,D,YO8_2_11,YO8,2,11,10/20/23,9/13-powdery Mildew /10/13 - no leaves
M,K,2,A,CP2_7_16,CP2,7,16,NA,10/13 - powdery mildew
M,K,2,B,IH_4_14,IH,4,14,NA,NA
M,K,3,A,LVTR1_6_13,LVTR1,6,13,10/27/23,9/20- leaves dead Stem turgid
M,K,3,B,SC_2_15,SC,2,15,NA,NA
M,K,4,A,LVTR1_8_15,LVTR1,8,15,10/27/23,8/23 re-sprouted 9/20- no leaves
M,K,4,B,IH_6_2,IH,6,2,NA,NA
M,K,5,A,CP3_3_8,CP3,3,8,NA,9/20 - powdery mildew 10/20-no leaves
M,K,5,B,YO11_8_8,YO11,8,8,10/27/23,9/13-powdery Mildew 10/20 removed red pick from 10/13 stem turgid
M,K,6,A,SQ2_6_8,SQ2,6,8,NA,10/20 -powdery Mildew
M,K,6,B,CC_3_2,CC,3,2,NA,NA
M,K,7,A,DPR_6_1,DPR,6,1,NA,NA
M,K,7,B,WL2_2_8,WL2,2,8,NA,9/20- powdery Mildew
M,K,8,A,WL1_7_4,WL1,7,4,NA,9/6-powdery mildew 10/13-no live leaves 10/20- respr.
M,K,8,B,FR_5_11,FR,5,11,NA,9/6 - powdery mildew 9/13-dying 10/20- no leaves
M,K,9,A,YO11_4_3,YO11,4,3,8/2/23,NA
M,K,9,B,TM2_1_1,TM2,1,1,9/6/23,NA
M,K,10,A,YO7_1_2,YO7,1,2,NA,NA
M,K,10,B,CP3_6_8,CP3,6,8,NA,9/6 -powdery mildew 9/20 -leaves dead
M,K,11,A,YO8_4_2,YO8,4,2,NA,9/20-powdery mildew leaves dead 10/20 repr.
M,K,11,B,SQ2_6_26,SQ2,6,26,8/2/23,NA
M,K,12,A,YO11_5_8,YO11,5,8,NA,9/27-powdery mildew 10/13 - no live leaves
M,K,12,B,CC_5_2,CC,5,2,NA,NA
M,K,13,A,CC_1_2,CC,1,2,NA,NA
M,K,2,C,YO7_5_13,YO7,5,13,NA,NA
M,K,3,C,IH_7_2,IH,7,2,NA,NA
M,K,3,D,DPR_8_11,DPR,8,11,7/26/23,NA
M,K,4,C,SQ3_4_3,SQ3,4,3,NA,9/20-powdery mildew
M,K,4,D,CC_9_2,CC,9,2,8/9/23,NA
M,K,5,C,CC_1_2,CC,1,2,NA,no plant/tag?
M,K,5,D,YO4_2_3,YO4,2,3,7/26/23,NA
M,K,6,C,LVTR1_5_3,LVTR1,5,3,8/2/23,NA
M,K,6,D,YO4_4_2,YO4,4,2,NA,9/13- powdery mildew 10/13-10 leaves 10/20-respr.
M,K,7,C,SC_6_2,SC,6,2,NA,NA
M,K,7,D,YO11_6_15,YO11,6,15,8/2/23,NA
M,K,8,C,IH_1_2,IH,1,2,NA,NA
M,K,8,D,BH_3_2,BH,3,2,7/26/23,NA
M,K,9,C,SC_4_2,SC,4,2,NA,NA
M,K,9,D,YO8_3_11,YO8,3,11,10/13/23,9/13-powdery mildew 9/20 - dying
M,K,10,C,CP2_2_13,CP2,2,13,NA,9/6 powdery mildew 9/20 - no leaves 9/27- - respro
M,K,10,D,WL2_7_8,WL2,7,8,NA,NA
M,K,11,C,SQ1_2_9,SQ1,2,9,NA,9/27- powdery mildew
M,K,11,D,TM2_7_22,TM2,7,22,7/26/23,NA
M,K,12,C,LV3_5_11,LV3,5,11,8/9/23,9/6-powdery mildew
M,K,12,D,TM2_6_12,TM2,6,12,NA,8/2: stem bent 9/6- - powdery mildew
M,K,13,C,CP3_3_14,CP3,3,14,NA,10/13 - powdery mildew
